{
"meta":{"test_sets":[],"test_metrics":[],"learn_metrics":[{"best_value":"Min","name":"RMSE"}],"launch_mode":"Train","parameters":"","iteration_count":1000,"learn_sets":["learn"],"name":"experiment"},
"iterations":[
{"learn":[14.59871775],"iteration":0,"passed_time":0.1474893126,"remaining_time":147.3418233},
{"learn":[14.22518863],"iteration":1,"passed_time":0.1491471064,"remaining_time":74.42440607},
{"learn":[13.8866124],"iteration":2,"passed_time":0.1507956558,"remaining_time":50.11442296},
{"learn":[13.52356875],"iteration":3,"passed_time":0.1522914945,"remaining_time":37.92058213},
{"learn":[13.18870211],"iteration":4,"passed_time":0.1537789087,"remaining_time":30.60200283},
{"learn":[12.9124226],"iteration":5,"passed_time":0.1554051316,"remaining_time":25.74545013},
{"learn":[12.60003351],"iteration":6,"passed_time":0.1578438002,"remaining_time":22.39127052},
{"learn":[12.32990573],"iteration":7,"passed_time":0.1595006364,"remaining_time":19.77807892},
{"learn":[12.0660619],"iteration":8,"passed_time":0.1609694148,"remaining_time":17.72452112},
{"learn":[11.77309809],"iteration":9,"passed_time":0.1625215804,"remaining_time":16.08963646},
{"learn":[11.49227636],"iteration":10,"passed_time":0.1640205439,"remaining_time":14.746938},
{"learn":[11.26264833],"iteration":11,"passed_time":0.1656467077,"remaining_time":13.6382456},
{"learn":[11.04260393],"iteration":12,"passed_time":0.1670529457,"remaining_time":12.68317364},
{"learn":[10.79916926],"iteration":13,"passed_time":0.1686215378,"remaining_time":11.87577402},
{"learn":[10.5541002],"iteration":14,"passed_time":0.1701232757,"remaining_time":11.17142844},
{"learn":[10.31918115],"iteration":15,"passed_time":0.1715878873,"remaining_time":10.55265507},
{"learn":[10.10004441],"iteration":16,"passed_time":0.1731621831,"remaining_time":10.01284859},
{"learn":[9.894556723],"iteration":17,"passed_time":0.1746691058,"remaining_time":9.529170103},
{"learn":[9.690174082],"iteration":18,"passed_time":0.1779492268,"remaining_time":9.187799554},
{"learn":[9.506034866],"iteration":19,"passed_time":0.1795313695,"remaining_time":8.797037105},
{"learn":[9.338524633],"iteration":20,"passed_time":0.1813127089,"remaining_time":8.45262581},
{"learn":[9.170203312],"iteration":21,"passed_time":0.1827743437,"remaining_time":8.125150372},
{"learn":[9.010299969],"iteration":22,"passed_time":0.1843286246,"remaining_time":7.829959402},
{"learn":[8.843866678],"iteration":23,"passed_time":0.1856948169,"remaining_time":7.551589221},
{"learn":[8.690548059],"iteration":24,"passed_time":0.1870188262,"remaining_time":7.293734221},
{"learn":[8.555307687],"iteration":25,"passed_time":0.1881722757,"remaining_time":7.049222945},
{"learn":[8.413851302],"iteration":26,"passed_time":0.1894606438,"remaining_time":6.827600239},
{"learn":[8.29256019],"iteration":27,"passed_time":0.190841263,"remaining_time":6.624918131},
{"learn":[8.162193833],"iteration":28,"passed_time":0.1923824403,"remaining_time":6.441494813},
{"learn":[8.040736294],"iteration":29,"passed_time":0.1936762807,"remaining_time":6.262199744},
{"learn":[7.921220278],"iteration":30,"passed_time":0.1947547009,"remaining_time":6.087655006},
{"learn":[7.809589039],"iteration":31,"passed_time":0.1956893046,"remaining_time":5.919601463},
{"learn":[7.699675801],"iteration":32,"passed_time":0.1966715128,"remaining_time":5.763071298},
{"learn":[7.60645267],"iteration":33,"passed_time":0.1976802502,"remaining_time":5.616444757},
{"learn":[7.498880302],"iteration":34,"passed_time":0.1985812626,"remaining_time":5.475169098},
{"learn":[7.401158744],"iteration":35,"passed_time":0.1994261178,"remaining_time":5.340188266},
{"learn":[7.306431077],"iteration":36,"passed_time":0.2003466258,"remaining_time":5.214427045},
{"learn":[7.223863468],"iteration":37,"passed_time":0.20134535,"remaining_time":5.097216492},
{"learn":[7.143477682],"iteration":38,"passed_time":0.2023189664,"remaining_time":4.985346839},
{"learn":[7.062817131],"iteration":39,"passed_time":0.2032709308,"remaining_time":4.87850234},
{"learn":[6.990793435],"iteration":40,"passed_time":0.2044652226,"remaining_time":4.782491426},
{"learn":[6.931862224],"iteration":41,"passed_time":0.2064735648,"remaining_time":4.709563692},
{"learn":[6.858296558],"iteration":42,"passed_time":0.2082327715,"remaining_time":4.634389822},
{"learn":[6.786268161],"iteration":43,"passed_time":0.2092427416,"remaining_time":4.546274113},
{"learn":[6.717118549],"iteration":44,"passed_time":0.2104600046,"remaining_time":4.466428986},
{"learn":[6.652948106],"iteration":45,"passed_time":0.2117144343,"remaining_time":4.390773268},
{"learn":[6.589686076],"iteration":46,"passed_time":0.2129793926,"remaining_time":4.318497045},
{"learn":[6.531283097],"iteration":47,"passed_time":0.2141582553,"remaining_time":4.247472063},
{"learn":[6.471368031],"iteration":48,"passed_time":0.2153640069,"remaining_time":4.179819806},
{"learn":[6.416481395],"iteration":49,"passed_time":0.2165285592,"remaining_time":4.114042624},
{"learn":[6.369870822],"iteration":50,"passed_time":0.2177672886,"remaining_time":4.052179547},
{"learn":[6.325678067],"iteration":51,"passed_time":0.2198545045,"remaining_time":4.008116736},
{"learn":[6.275766122],"iteration":52,"passed_time":0.2218304406,"remaining_time":3.963649571},
{"learn":[6.224773967],"iteration":53,"passed_time":0.223010943,"remaining_time":3.906821335},
{"learn":[6.182249254],"iteration":54,"passed_time":0.2241727937,"remaining_time":3.851696182},
{"learn":[6.139904173],"iteration":55,"passed_time":0.2253916954,"remaining_time":3.799460009},
{"learn":[6.100525536],"iteration":56,"passed_time":0.2265399174,"remaining_time":3.747844598},
{"learn":[6.062568564],"iteration":57,"passed_time":0.2277287518,"remaining_time":3.698629038},
{"learn":[6.030559288],"iteration":58,"passed_time":0.2290379197,"remaining_time":3.652960719},
{"learn":[5.997931376],"iteration":59,"passed_time":0.230208819,"remaining_time":3.606604831},
{"learn":[5.964103835],"iteration":60,"passed_time":0.2314758081,"remaining_time":3.56320957},
{"learn":[5.933729724],"iteration":61,"passed_time":0.2328556965,"remaining_time":3.522881344},
{"learn":[5.901932711],"iteration":62,"passed_time":0.2354671912,"remaining_time":3.502107273},
{"learn":[5.873727795],"iteration":63,"passed_time":0.2370831353,"remaining_time":3.467340854},
{"learn":[5.846485734],"iteration":64,"passed_time":0.2384538977,"remaining_time":3.430067605},
{"learn":[5.820630862],"iteration":65,"passed_time":0.2397693702,"remaining_time":3.393099875},
{"learn":[5.793646238],"iteration":66,"passed_time":0.2410976849,"remaining_time":3.357375224},
{"learn":[5.765388646],"iteration":67,"passed_time":0.2424093396,"remaining_time":3.32243389},
{"learn":[5.747073912],"iteration":68,"passed_time":0.2437650967,"remaining_time":3.289062391},
{"learn":[5.722315217],"iteration":69,"passed_time":0.2451008221,"remaining_time":3.256339494},
{"learn":[5.699970599],"iteration":70,"passed_time":0.2464749794,"remaining_time":3.225003604},
{"learn":[5.682732647],"iteration":71,"passed_time":0.2479804177,"remaining_time":3.196192051},
{"learn":[5.663525791],"iteration":72,"passed_time":0.2500285101,"remaining_time":3.175019574},
{"learn":[5.642381613],"iteration":73,"passed_time":0.2515959013,"remaining_time":3.14834871},
{"learn":[5.621404779],"iteration":74,"passed_time":0.2530402128,"remaining_time":3.120829291},
{"learn":[5.602460129],"iteration":75,"passed_time":0.2543848716,"remaining_time":3.092784492},
{"learn":[5.587337574],"iteration":76,"passed_time":0.2557812032,"remaining_time":3.066052605},
{"learn":[5.572393026],"iteration":77,"passed_time":0.25724327,"remaining_time":3.040747371},
{"learn":[5.558425806],"iteration":78,"passed_time":0.2585991103,"remaining_time":3.014807349},
{"learn":[5.541518902],"iteration":79,"passed_time":0.2599638752,"remaining_time":2.989584565},
{"learn":[5.526157283],"iteration":80,"passed_time":0.261245339,"remaining_time":2.96400576},
{"learn":[5.511746977],"iteration":81,"passed_time":0.2630637903,"remaining_time":2.945031213},
{"learn":[5.504975022],"iteration":82,"passed_time":0.2644955155,"remaining_time":2.922197442},
{"learn":[5.493980522],"iteration":83,"passed_time":0.2661828843,"remaining_time":2.902660976},
{"learn":[5.480745463],"iteration":84,"passed_time":0.2675733807,"remaining_time":2.880348745},
{"learn":[5.464052013],"iteration":85,"passed_time":0.2689389446,"remaining_time":2.858258086},
{"learn":[5.449143727],"iteration":86,"passed_time":0.2703458409,"remaining_time":2.837077618},
{"learn":[5.438255432],"iteration":87,"passed_time":0.2717561392,"remaining_time":2.816381806},
{"learn":[5.425927931],"iteration":88,"passed_time":0.2732899166,"remaining_time":2.797383304},
{"learn":[5.412331217],"iteration":89,"passed_time":0.274712073,"remaining_time":2.777644293},
{"learn":[5.400691499],"iteration":90,"passed_time":0.2766389285,"remaining_time":2.763349296},
{"learn":[5.391618744],"iteration":91,"passed_time":0.2788445627,"remaining_time":2.752074597},
{"learn":[5.380766572],"iteration":92,"passed_time":0.2807456813,"remaining_time":2.738025086},
{"learn":[5.372207183],"iteration":93,"passed_time":0.2820808616,"remaining_time":2.718779368},
{"learn":[5.362918837],"iteration":94,"passed_time":0.2834937038,"remaining_time":2.700650547},
{"learn":[5.348292324],"iteration":95,"passed_time":0.284892278,"remaining_time":2.682735618},
{"learn":[5.339772295],"iteration":96,"passed_time":0.2862057913,"remaining_time":2.664369377},
{"learn":[5.331515983],"iteration":97,"passed_time":0.2874700737,"remaining_time":2.645898025},
{"learn":[5.323861644],"iteration":98,"passed_time":0.2887289154,"remaining_time":2.627724776},
{"learn":[5.313277281],"iteration":99,"passed_time":0.2901678237,"remaining_time":2.611510414},
{"learn":[5.30685627],"iteration":100,"passed_time":0.2918152646,"remaining_time":2.597444781},
{"learn":[5.29652059],"iteration":101,"passed_time":0.2938167504,"remaining_time":2.586739626},
{"learn":[5.288350766],"iteration":102,"passed_time":0.2953255291,"remaining_time":2.571912617},
{"learn":[5.27993346],"iteration":103,"passed_time":0.2966996531,"remaining_time":2.556181627},
{"learn":[5.271789139],"iteration":104,"passed_time":0.2981164953,"remaining_time":2.541088222},
{"learn":[5.262684686],"iteration":105,"passed_time":0.299515385,"remaining_time":2.526101454},
{"learn":[5.251619772],"iteration":106,"passed_time":0.3008846076,"remaining_time":2.511121071},
{"learn":[5.241012171],"iteration":107,"passed_time":0.3022163222,"remaining_time":2.496082958},
{"learn":[5.232684032],"iteration":108,"passed_time":0.3036272693,"remaining_time":2.481944009},
{"learn":[5.224267141],"iteration":109,"passed_time":0.3049487143,"remaining_time":2.467312325},
{"learn":[5.216324968],"iteration":110,"passed_time":0.3064164311,"remaining_time":2.454091957},
{"learn":[5.211102527],"iteration":111,"passed_time":0.3085245117,"remaining_time":2.446158629},
{"learn":[5.206364257],"iteration":112,"passed_time":0.31013412,"remaining_time":2.434415614},
{"learn":[5.196937641],"iteration":113,"passed_time":0.3114288301,"remaining_time":2.420403013},
{"learn":[5.190746047],"iteration":114,"passed_time":0.3129007558,"remaining_time":2.407975382},
{"learn":[5.181885213],"iteration":115,"passed_time":0.3141893852,"remaining_time":2.394339798},
{"learn":[5.178293568],"iteration":116,"passed_time":0.3153531577,"remaining_time":2.379972976},
{"learn":[5.170991438],"iteration":117,"passed_time":0.3167792491,"remaining_time":2.367790659},
{"learn":[5.166257212],"iteration":118,"passed_time":0.3182550658,"remaining_time":2.356157252},
{"learn":[5.161421246],"iteration":119,"passed_time":0.3196974726,"remaining_time":2.344448132},
{"learn":[5.158223542],"iteration":120,"passed_time":0.3213362851,"remaining_time":2.334335493},
{"learn":[5.15470988],"iteration":121,"passed_time":0.3229324594,"remaining_time":2.324054912},
{"learn":[5.146388143],"iteration":122,"passed_time":0.3247106573,"remaining_time":2.315213386},
{"learn":[5.139529364],"iteration":123,"passed_time":0.3261604915,"remaining_time":2.304166053},
{"learn":[5.134276023],"iteration":124,"passed_time":0.3276473926,"remaining_time":2.293531748},
{"learn":[5.128536065],"iteration":125,"passed_time":0.3290258678,"remaining_time":2.282290544},
{"learn":[5.123300353],"iteration":126,"passed_time":0.3301158086,"remaining_time":2.269221267},
{"learn":[5.116200518],"iteration":127,"passed_time":0.3317015917,"remaining_time":2.259717093},
{"learn":[5.108728704],"iteration":128,"passed_time":0.3336471659,"remaining_time":2.252764973},
{"learn":[5.104075866],"iteration":129,"passed_time":0.3354910249,"remaining_time":2.245209167},
{"learn":[5.100317606],"iteration":130,"passed_time":0.3369687683,"remaining_time":2.235311906},
{"learn":[5.095814182],"iteration":131,"passed_time":0.338285684,"remaining_time":2.224484649},
{"learn":[5.092146915],"iteration":132,"passed_time":0.3394685134,"remaining_time":2.212926324},
{"learn":[5.085258329],"iteration":133,"passed_time":0.3408230386,"remaining_time":2.202632473},
{"learn":[5.079219421],"iteration":134,"passed_time":0.3422436228,"remaining_time":2.192894324},
{"learn":[5.076476829],"iteration":135,"passed_time":0.3436539531,"remaining_time":2.183213349},
{"learn":[5.072133867],"iteration":136,"passed_time":0.3450942126,"remaining_time":2.173841646},
{"learn":[5.067031564],"iteration":137,"passed_time":0.3466118752,"remaining_time":2.16506838},
{"learn":[5.061358312],"iteration":138,"passed_time":0.3487964475,"remaining_time":2.160530513},
{"learn":[5.056759124],"iteration":139,"passed_time":0.3506475758,"remaining_time":2.153977966},
{"learn":[5.050254],"iteration":140,"passed_time":0.3520813043,"remaining_time":2.144949223},
{"learn":[5.048376474],"iteration":141,"passed_time":0.3530473478,"remaining_time":2.13320158},
{"learn":[5.042603751],"iteration":142,"passed_time":0.3545380358,"remaining_time":2.124748928},
{"learn":[5.037477349],"iteration":143,"passed_time":0.355967002,"remaining_time":2.116026067},
{"learn":[5.03230489],"iteration":144,"passed_time":0.35756284,"remaining_time":2.108387781},
{"learn":[5.025976187],"iteration":145,"passed_time":0.3590253633,"remaining_time":2.100052467},
{"learn":[5.01952451],"iteration":146,"passed_time":0.3603787678,"remaining_time":2.091177476},
{"learn":[5.017569424],"iteration":147,"passed_time":0.362163416,"remaining_time":2.084886692},
{"learn":[5.008962367],"iteration":148,"passed_time":0.3645074898,"remaining_time":2.081851502},
{"learn":[5.003880266],"iteration":149,"passed_time":0.3660883066,"remaining_time":2.074500404},
{"learn":[4.996387564],"iteration":150,"passed_time":0.3675208958,"remaining_time":2.066392321},
{"learn":[4.993361683],"iteration":151,"passed_time":0.3690404593,"remaining_time":2.058857299},
{"learn":[4.99005752],"iteration":152,"passed_time":0.3706555365,"remaining_time":2.05192967},
{"learn":[4.986908764],"iteration":153,"passed_time":0.3724308598,"remaining_time":2.045951346},
{"learn":[4.985207175],"iteration":154,"passed_time":0.3742510451,"remaining_time":2.040271827},
{"learn":[4.979003494],"iteration":155,"passed_time":0.3757773169,"remaining_time":2.033051638},
{"learn":[4.973142217],"iteration":156,"passed_time":0.3777448144,"remaining_time":2.028273112},
{"learn":[4.967056696],"iteration":157,"passed_time":0.3799632668,"remaining_time":2.024867536},
{"learn":[4.961460696],"iteration":158,"passed_time":0.3813954223,"remaining_time":2.017317926},
{"learn":[4.954240363],"iteration":159,"passed_time":0.3828336053,"remaining_time":2.009876428},
{"learn":[4.952320707],"iteration":160,"passed_time":0.3837786284,"remaining_time":1.99993956},
{"learn":[4.948337777],"iteration":161,"passed_time":0.3851455398,"remaining_time":1.992296064},
{"learn":[4.943228639],"iteration":162,"passed_time":0.3865528106,"remaining_time":1.984936825},
{"learn":[4.938545759],"iteration":163,"passed_time":0.3879842636,"remaining_time":1.977773441},
{"learn":[4.935330572],"iteration":164,"passed_time":0.3894652139,"remaining_time":1.970930022},
{"learn":[4.932051543],"iteration":165,"passed_time":0.3911637849,"remaining_time":1.965244558},
{"learn":[4.928964153],"iteration":166,"passed_time":0.3940801731,"remaining_time":1.965681343},
{"learn":[4.922860227],"iteration":167,"passed_time":0.3959484499,"remaining_time":1.960887562},
{"learn":[4.917668772],"iteration":168,"passed_time":0.3974472786,"remaining_time":1.954311766},
{"learn":[4.910365386],"iteration":169,"passed_time":0.3988626318,"remaining_time":1.947388144},
{"learn":[4.906457206],"iteration":170,"passed_time":0.4003421655,"remaining_time":1.940840089},
{"learn":[4.901996508],"iteration":171,"passed_time":0.4018470241,"remaining_time":1.934472883},
{"learn":[4.896816173],"iteration":172,"passed_time":0.4032249359,"remaining_time":1.92755504},
{"learn":[4.891123132],"iteration":173,"passed_time":0.4047305044,"remaining_time":1.921306877},
{"learn":[4.887630202],"iteration":174,"passed_time":0.4062524067,"remaining_time":1.915189917},
{"learn":[4.885259712],"iteration":175,"passed_time":0.4084497472,"remaining_time":1.912287453},
{"learn":[4.880659728],"iteration":176,"passed_time":0.4102463379,"remaining_time":1.907529583},
{"learn":[4.877299723],"iteration":177,"passed_time":0.4116175764,"remaining_time":1.900840718},
{"learn":[4.874038772],"iteration":178,"passed_time":0.4129922164,"remaining_time":1.89422687},
{"learn":[4.86943698],"iteration":179,"passed_time":0.4143270821,"remaining_time":1.887490041},
{"learn":[4.861268711],"iteration":180,"passed_time":0.4157008366,"remaining_time":1.880988868},
{"learn":[4.858673056],"iteration":181,"passed_time":0.4170676206,"remaining_time":1.874512713},
{"learn":[4.854036207],"iteration":182,"passed_time":0.4184132878,"remaining_time":1.867998121},
{"learn":[4.85130244],"iteration":183,"passed_time":0.4197267786,"remaining_time":1.861397018},
{"learn":[4.847510084],"iteration":184,"passed_time":0.4213101401,"remaining_time":1.856041969},
{"learn":[4.845691673],"iteration":185,"passed_time":0.4234298982,"remaining_time":1.853074931},
{"learn":[4.842058646],"iteration":186,"passed_time":0.4250269975,"remaining_time":1.847844647},
{"learn":[4.838623675],"iteration":187,"passed_time":0.4265049777,"remaining_time":1.842138521},
{"learn":[4.834602161],"iteration":188,"passed_time":0.4279491357,"remaining_time":1.836332006},
{"learn":[4.830858976],"iteration":189,"passed_time":0.4293566071,"remaining_time":1.830415009},
{"learn":[4.827590511],"iteration":190,"passed_time":0.4306894861,"remaining_time":1.824229289},
{"learn":[4.822246226],"iteration":191,"passed_time":0.4319908188,"remaining_time":1.817961362},
{"learn":[4.816686395],"iteration":192,"passed_time":0.433322719,"remaining_time":1.811872716},
{"learn":[4.814797121],"iteration":193,"passed_time":0.4346880582,"remaining_time":1.805972036},
{"learn":[4.811639392],"iteration":194,"passed_time":0.4362439338,"remaining_time":1.800904445},
{"learn":[4.804813432],"iteration":195,"passed_time":0.4390036191,"remaining_time":1.800810764},
{"learn":[4.80251613],"iteration":196,"passed_time":0.4405857497,"remaining_time":1.795890137},
{"learn":[4.800087884],"iteration":197,"passed_time":0.4422943053,"remaining_time":1.791515317},
{"learn":[4.794773135],"iteration":198,"passed_time":0.4438690809,"remaining_time":1.786628813},
{"learn":[4.791664833],"iteration":199,"passed_time":0.4458096955,"remaining_time":1.783238782},
{"learn":[4.785989873],"iteration":200,"passed_time":0.4475228803,"remaining_time":1.778959111},
{"learn":[4.782387142],"iteration":201,"passed_time":0.4492912156,"remaining_time":1.774922723},
{"learn":[4.778623704],"iteration":202,"passed_time":0.4515006958,"remaining_time":1.772640663},
{"learn":[4.775772178],"iteration":203,"passed_time":0.4538839656,"remaining_time":1.771037434},
{"learn":[4.77023101],"iteration":204,"passed_time":0.4554692514,"remaining_time":1.766331975},
{"learn":[4.764496689],"iteration":205,"passed_time":0.4569734383,"remaining_time":1.761344223},
{"learn":[4.763138716],"iteration":206,"passed_time":0.458422712,"remaining_time":1.756179761},
{"learn":[4.758053283],"iteration":207,"passed_time":0.4600724479,"remaining_time":1.751814321},
{"learn":[4.755063788],"iteration":208,"passed_time":0.4618360587,"remaining_time":1.747905849},
{"learn":[4.752465267],"iteration":209,"passed_time":0.4636439611,"remaining_time":1.744184425},
{"learn":[4.748067377],"iteration":210,"passed_time":0.4658937967,"remaining_time":1.742133676},
{"learn":[4.744163298],"iteration":211,"passed_time":0.4686559872,"remaining_time":1.741985462},
{"learn":[4.736670896],"iteration":212,"passed_time":0.4703674833,"remaining_time":1.73793056},
{"learn":[4.73349255],"iteration":213,"passed_time":0.4718704922,"remaining_time":1.733131808},
{"learn":[4.731864595],"iteration":214,"passed_time":0.4733935197,"remaining_time":1.728436804},
{"learn":[4.728398311],"iteration":215,"passed_time":0.4750006336,"remaining_time":1.724076374},
{"learn":[4.723865975],"iteration":216,"passed_time":0.4766342255,"remaining_time":1.71983686},
{"learn":[4.723483365],"iteration":217,"passed_time":0.4782340544,"remaining_time":1.71550014},
{"learn":[4.72095416],"iteration":218,"passed_time":0.4799533498,"remaining_time":1.711614458},
{"learn":[4.716173382],"iteration":219,"passed_time":0.4822313027,"remaining_time":1.709729164},
{"learn":[4.710563974],"iteration":220,"passed_time":0.4837873147,"remaining_time":1.705295557},
{"learn":[4.707160263],"iteration":221,"passed_time":0.4853516364,"remaining_time":1.700916996},
{"learn":[4.70408351],"iteration":222,"passed_time":0.486866644,"remaining_time":1.696391849},
{"learn":[4.702501831],"iteration":223,"passed_time":0.488457092,"remaining_time":1.692154926},
{"learn":[4.700269738],"iteration":224,"passed_time":0.4899937949,"remaining_time":1.687756405},
{"learn":[4.695346302],"iteration":225,"passed_time":0.4914586645,"remaining_time":1.683137196},
{"learn":[4.689769299],"iteration":226,"passed_time":0.4929766358,"remaining_time":1.678726606},
{"learn":[4.687919514],"iteration":227,"passed_time":0.4945362991,"remaining_time":1.674482557},
{"learn":[4.682982074],"iteration":228,"passed_time":0.4967161399,"remaining_time":1.672349973},
{"learn":[4.679578702],"iteration":229,"passed_time":0.4983881001,"remaining_time":1.668516683},
{"learn":[4.675751423],"iteration":230,"passed_time":0.5002322829,"remaining_time":1.665275435},
{"learn":[4.672710726],"iteration":231,"passed_time":0.5018726168,"remaining_time":1.661371421},
{"learn":[4.6690533],"iteration":232,"passed_time":0.5036050629,"remaining_time":1.657790057},
{"learn":[4.667595702],"iteration":233,"passed_time":0.5051076152,"remaining_time":1.653471937},
{"learn":[4.664241291],"iteration":234,"passed_time":0.5067182896,"remaining_time":1.649529751},
{"learn":[4.662246999],"iteration":235,"passed_time":0.508574246,"remaining_time":1.646401373},
{"learn":[4.658668443],"iteration":236,"passed_time":0.5103470532,"remaining_time":1.643016041},
{"learn":[4.658017572],"iteration":237,"passed_time":0.5120587661,"remaining_time":1.639448654},
{"learn":[4.657656705],"iteration":238,"passed_time":0.513541713,"remaining_time":1.635168383},
{"learn":[4.653242871],"iteration":239,"passed_time":0.5150544434,"remaining_time":1.631005737},
{"learn":[4.6507302],"iteration":240,"passed_time":0.5167124535,"remaining_time":1.627322623},
{"learn":[4.647671336],"iteration":241,"passed_time":0.5181827629,"remaining_time":1.623068324},
{"learn":[4.645506007],"iteration":242,"passed_time":0.5197627924,"remaining_time":1.61917874},
{"learn":[4.641297906],"iteration":243,"passed_time":0.5213353246,"remaining_time":1.615284858},
{"learn":[4.63798107],"iteration":244,"passed_time":0.5228905518,"remaining_time":1.611356598},
{"learn":[4.635062318],"iteration":245,"passed_time":0.5245208874,"remaining_time":1.607677842},
{"learn":[4.631606017],"iteration":246,"passed_time":0.5266326776,"remaining_time":1.605483426},
{"learn":[4.630215494],"iteration":247,"passed_time":0.528214397,"remaining_time":1.601682365},
{"learn":[4.62729814],"iteration":248,"passed_time":0.5298659311,"remaining_time":1.598109696},
{"learn":[4.624691756],"iteration":249,"passed_time":0.5315050012,"remaining_time":1.594515004},
{"learn":[4.621840053],"iteration":250,"passed_time":0.5329723659,"remaining_time":1.590423514},
{"learn":[4.619602091],"iteration":251,"passed_time":0.5344516707,"remaining_time":1.586388292},
{"learn":[4.613584029],"iteration":252,"passed_time":0.5360268621,"remaining_time":1.582656387},
{"learn":[4.6119388],"iteration":253,"passed_time":0.5376244108,"remaining_time":1.579007128},
{"learn":[4.60870702],"iteration":254,"passed_time":0.5392660777,"remaining_time":1.575502854},
{"learn":[4.604771557],"iteration":255,"passed_time":0.5411618684,"remaining_time":1.57275168},
{"learn":[4.604231277],"iteration":256,"passed_time":0.5428490678,"remaining_time":1.569404114},
{"learn":[4.600750354],"iteration":257,"passed_time":0.5444565454,"remaining_time":1.565840142},
{"learn":[4.596488253],"iteration":258,"passed_time":0.5460671199,"remaining_time":1.562300138},
{"learn":[4.59470784],"iteration":259,"passed_time":0.5475864637,"remaining_time":1.55851532},
{"learn":[4.588818005],"iteration":260,"passed_time":0.5490280749,"remaining_time":1.554527768},
{"learn":[4.585054174],"iteration":261,"passed_time":0.5505466563,"remaining_time":1.550776459},
{"learn":[4.581471435],"iteration":262,"passed_time":0.5520297189,"remaining_time":1.546942596},
{"learn":[4.577555199],"iteration":263,"passed_time":0.5535102571,"remaining_time":1.543119505},
{"learn":[4.57457145],"iteration":264,"passed_time":0.5552533856,"remaining_time":1.540042409},
{"learn":[4.573029224],"iteration":265,"passed_time":0.556959945,"remaining_time":1.536874435},
{"learn":[4.571326203],"iteration":266,"passed_time":0.5585610947,"remaining_time":1.533428024},
{"learn":[4.571019224],"iteration":267,"passed_time":0.5600068623,"remaining_time":1.529570982},
{"learn":[4.565766631],"iteration":268,"passed_time":0.5613932992,"remaining_time":1.525570638},
{"learn":[4.563383471],"iteration":269,"passed_time":0.5628239216,"remaining_time":1.521709121},
{"learn":[4.558165805],"iteration":270,"passed_time":0.5643351456,"remaining_time":1.518082366},
{"learn":[4.55629209],"iteration":271,"passed_time":0.5657914092,"remaining_time":1.514324066},
{"learn":[4.549383848],"iteration":272,"passed_time":0.5672744227,"remaining_time":1.510653866},
{"learn":[4.546227503],"iteration":273,"passed_time":0.568826518,"remaining_time":1.507182672},
{"learn":[4.540620977],"iteration":274,"passed_time":0.5706247026,"remaining_time":1.504374216},
{"learn":[4.532898237],"iteration":275,"passed_time":0.5721002304,"remaining_time":1.500726691},
{"learn":[4.529757367],"iteration":276,"passed_time":0.573503165,"remaining_time":1.496905373},
{"learn":[4.52579294],"iteration":277,"passed_time":0.5749869708,"remaining_time":1.493311485},
{"learn":[4.521572155],"iteration":278,"passed_time":0.5766314022,"remaining_time":1.490147817},
{"learn":[4.518818099],"iteration":279,"passed_time":0.5781147677,"remaining_time":1.486580831},
{"learn":[4.514012334],"iteration":280,"passed_time":0.5798662632,"remaining_time":1.483714745},
{"learn":[4.508331416],"iteration":281,"passed_time":0.5813456854,"remaining_time":1.480163837},
{"learn":[4.506038537],"iteration":282,"passed_time":0.5828274729,"remaining_time":1.476633562},
{"learn":[4.505805643],"iteration":283,"passed_time":0.5842457774,"remaining_time":1.472957664},
{"learn":[4.501550352],"iteration":284,"passed_time":0.5860528275,"remaining_time":1.470272883},
{"learn":[4.494692643],"iteration":285,"passed_time":0.5875911601,"remaining_time":1.466923386},
{"learn":[4.489330245],"iteration":286,"passed_time":0.5889902761,"remaining_time":1.463240651},
{"learn":[4.484826955],"iteration":287,"passed_time":0.590612139,"remaining_time":1.460124455},
{"learn":[4.478285428],"iteration":288,"passed_time":0.5921820428,"remaining_time":1.45689077},
{"learn":[4.475311671],"iteration":289,"passed_time":0.5936691861,"remaining_time":1.453465938},
{"learn":[4.471581298],"iteration":290,"passed_time":0.5952583067,"remaining_time":1.450302885},
{"learn":[4.469164956],"iteration":291,"passed_time":0.596709818,"remaining_time":1.446816956},
{"learn":[4.462068024],"iteration":292,"passed_time":0.598304594,"remaining_time":1.443690607},
{"learn":[4.458540976],"iteration":293,"passed_time":0.5999214232,"remaining_time":1.440627635},
{"learn":[4.455757458],"iteration":294,"passed_time":0.6014860569,"remaining_time":1.437449729},
{"learn":[4.453027414],"iteration":295,"passed_time":0.6029127543,"remaining_time":1.433954659},
{"learn":[4.450659338],"iteration":296,"passed_time":0.6045735176,"remaining_time":1.431027552},
{"learn":[4.444696901],"iteration":297,"passed_time":0.6061092018,"remaining_time":1.427814294},
{"learn":[4.442052813],"iteration":298,"passed_time":0.6076515967,"remaining_time":1.424627991},
{"learn":[4.440036756],"iteration":299,"passed_time":0.6091185886,"remaining_time":1.421276707},
{"learn":[4.435017051],"iteration":300,"passed_time":0.6106444301,"remaining_time":1.418074607},
{"learn":[4.429962125],"iteration":301,"passed_time":0.6121607094,"remaining_time":1.414861507},
{"learn":[4.427666256],"iteration":302,"passed_time":0.613576701,"remaining_time":1.411428913},
{"learn":[4.425030004],"iteration":303,"passed_time":0.615275247,"remaining_time":1.408656487},
{"learn":[4.422588771],"iteration":304,"passed_time":0.6167622771,"remaining_time":1.405409123},
{"learn":[4.418936667],"iteration":305,"passed_time":0.6183511709,"remaining_time":1.40240429},
{"learn":[4.416887976],"iteration":306,"passed_time":0.6199267668,"remaining_time":1.399378662},
{"learn":[4.413773354],"iteration":307,"passed_time":0.6214228131,"remaining_time":1.396183723},
{"learn":[4.411129391],"iteration":308,"passed_time":0.6228158035,"remaining_time":1.392769321},
{"learn":[4.40850819],"iteration":309,"passed_time":0.6242886638,"remaining_time":1.389545736},
{"learn":[4.404880292],"iteration":310,"passed_time":0.6257093837,"remaining_time":1.386217895},
{"learn":[4.404593827],"iteration":311,"passed_time":0.6271862415,"remaining_time":1.383026071},
{"learn":[4.402139942],"iteration":312,"passed_time":0.6284398623,"remaining_time":1.379355225},
{"learn":[4.400284725],"iteration":313,"passed_time":0.6302687259,"remaining_time":1.376956516},
{"learn":[4.395805521],"iteration":314,"passed_time":0.6316560726,"remaining_time":1.373601301},
{"learn":[4.392838833],"iteration":315,"passed_time":0.6331373024,"remaining_time":1.370461756},
{"learn":[4.389213061],"iteration":316,"passed_time":0.6346241661,"remaining_time":1.367344812},
{"learn":[4.3861981],"iteration":317,"passed_time":0.6361641149,"remaining_time":1.36435197},
{"learn":[4.385054234],"iteration":318,"passed_time":0.6375037421,"remaining_time":1.360940591},
{"learn":[4.379364607],"iteration":319,"passed_time":0.6389412459,"remaining_time":1.357750148},
{"learn":[4.378387619],"iteration":320,"passed_time":0.6405518779,"remaining_time":1.354936838},
{"learn":[4.375816727],"iteration":321,"passed_time":0.6419539028,"remaining_time":1.351691758},
{"learn":[4.374600202],"iteration":322,"passed_time":0.6434714147,"remaining_time":1.348700148},
{"learn":[4.37098897],"iteration":323,"passed_time":0.6452813375,"remaining_time":1.346327729},
{"learn":[4.367418484],"iteration":324,"passed_time":0.6470518189,"remaining_time":1.343876855},
{"learn":[4.363584638],"iteration":325,"passed_time":0.6487432547,"remaining_time":1.341266729},
{"learn":[4.360770706],"iteration":326,"passed_time":0.6503664101,"remaining_time":1.338521694},
{"learn":[4.358675808],"iteration":327,"passed_time":0.6518223708,"remaining_time":1.335440955},
{"learn":[4.354228195],"iteration":328,"passed_time":0.653240781,"remaining_time":1.332293508},
{"learn":[4.353773425],"iteration":329,"passed_time":0.6545875368,"remaining_time":1.32901106},
{"learn":[4.351648009],"iteration":330,"passed_time":0.6561548664,"remaining_time":1.32618612},
{"learn":[4.348209927],"iteration":331,"passed_time":0.6576067805,"remaining_time":1.323136534},
{"learn":[4.345852733],"iteration":332,"passed_time":0.6591401309,"remaining_time":1.320259662},
{"learn":[4.34237339],"iteration":333,"passed_time":0.6608653776,"remaining_time":1.317773478},
{"learn":[4.340814362],"iteration":334,"passed_time":0.6622600051,"remaining_time":1.314635533},
{"learn":[4.339707068],"iteration":335,"passed_time":0.6637236679,"remaining_time":1.311644391},
{"learn":[4.335430786],"iteration":336,"passed_time":0.6652648701,"remaining_time":1.308814863},
{"learn":[4.33521887],"iteration":337,"passed_time":0.6666271556,"remaining_time":1.305642536},
{"learn":[4.328507238],"iteration":338,"passed_time":0.6681274982,"remaining_time":1.302750078},
{"learn":[4.326140732],"iteration":339,"passed_time":0.6696359615,"remaining_time":1.299881572},
{"learn":[4.323785636],"iteration":340,"passed_time":0.6711921109,"remaining_time":1.2971132},
{"learn":[4.320632534],"iteration":341,"passed_time":0.6726930211,"remaining_time":1.294245637},
{"learn":[4.31973724],"iteration":342,"passed_time":0.6743738502,"remaining_time":1.291730669},
{"learn":[4.318000924],"iteration":343,"passed_time":0.6762263209,"remaining_time":1.289547868},
{"learn":[4.312713628],"iteration":344,"passed_time":0.6776082235,"remaining_time":1.286473584},
{"learn":[4.308220789],"iteration":345,"passed_time":0.6790902665,"remaining_time":1.283598365},
{"learn":[4.305890947],"iteration":346,"passed_time":0.6807666457,"remaining_time":1.281096887},
{"learn":[4.305137856],"iteration":347,"passed_time":0.6822829567,"remaining_time":1.278300252},
{"learn":[4.304787172],"iteration":348,"passed_time":0.6836204366,"remaining_time":1.275177376},
{"learn":[4.30350134],"iteration":349,"passed_time":0.6850915142,"remaining_time":1.272312812},
{"learn":[4.30293809],"iteration":350,"passed_time":0.6865102715,"remaining_time":1.269359448},
{"learn":[4.299548459],"iteration":351,"passed_time":0.6880259324,"remaining_time":1.266593194},
{"learn":[4.294768408],"iteration":352,"passed_time":0.6897354834,"remaining_time":1.264189399},
{"learn":[4.294581479],"iteration":353,"passed_time":0.6915076768,"remaining_time":1.26190384},
{"learn":[4.292551604],"iteration":354,"passed_time":0.6930631054,"remaining_time":1.259227332},
{"learn":[4.288628894],"iteration":355,"passed_time":0.6945318692,"remaining_time":1.256400348},
{"learn":[4.287802767],"iteration":356,"passed_time":0.6960462401,"remaining_time":1.253663116},
{"learn":[4.284566905],"iteration":357,"passed_time":0.6975438028,"remaining_time":1.250902574},
{"learn":[4.27890232],"iteration":358,"passed_time":0.6990975494,"remaining_time":1.248249385},
{"learn":[4.276938023],"iteration":359,"passed_time":0.700560845,"remaining_time":1.245441502},
{"learn":[4.273425094],"iteration":360,"passed_time":0.7020976886,"remaining_time":1.242771255},
{"learn":[4.269726505],"iteration":361,"passed_time":0.7034972707,"remaining_time":1.239865356},
{"learn":[4.265565857],"iteration":362,"passed_time":0.705523533,"remaining_time":1.238067467},
{"learn":[4.262117173],"iteration":363,"passed_time":0.7070331789,"remaining_time":1.235365664},
{"learn":[4.259185148],"iteration":364,"passed_time":0.7085753966,"remaining_time":1.23272706},
{"learn":[4.257668507],"iteration":365,"passed_time":0.7100724662,"remaining_time":1.230016239},
{"learn":[4.253432436],"iteration":366,"passed_time":0.7115225825,"remaining_time":1.227231048},
{"learn":[4.250216667],"iteration":367,"passed_time":0.7130083692,"remaining_time":1.224514373},
{"learn":[4.24514828],"iteration":368,"passed_time":0.7144821018,"remaining_time":1.221783757},
{"learn":[4.244015772],"iteration":369,"passed_time":0.7158923939,"remaining_time":1.218951914},
{"learn":[4.240329192],"iteration":370,"passed_time":0.7173739308,"remaining_time":1.216248524},
{"learn":[4.236718014],"iteration":371,"passed_time":0.7189904609,"remaining_time":1.213779595},
{"learn":[4.233495944],"iteration":372,"passed_time":0.7206414906,"remaining_time":1.211373229},
{"learn":[4.230357491],"iteration":373,"passed_time":0.7220942153,"remaining_time":1.208638981},
{"learn":[4.227381215],"iteration":374,"passed_time":0.7236005779,"remaining_time":1.206000963},
{"learn":[4.226169067],"iteration":375,"passed_time":0.7250197421,"remaining_time":1.203224253},
{"learn":[4.225963861],"iteration":376,"passed_time":0.7262898697,"remaining_time":1.200208458},
{"learn":[4.224346548],"iteration":377,"passed_time":0.7277325562,"remaining_time":1.197485846},
{"learn":[4.222595381],"iteration":378,"passed_time":0.7292723353,"remaining_time":1.194929077},
{"learn":[4.219700938],"iteration":379,"passed_time":0.7307199497,"remaining_time":1.192227286},
{"learn":[4.216356207],"iteration":380,"passed_time":0.7322934848,"remaining_time":1.189736659},
{"learn":[4.214326494],"iteration":381,"passed_time":0.7340519883,"remaining_time":1.187550075},
{"learn":[4.212901398],"iteration":382,"passed_time":0.7360918722,"remaining_time":1.185819021},
{"learn":[4.211331091],"iteration":383,"passed_time":0.7378854218,"remaining_time":1.183691197},
{"learn":[4.208624791],"iteration":384,"passed_time":0.739411354,"remaining_time":1.181137617},
{"learn":[4.204659106],"iteration":385,"passed_time":0.7409122114,"remaining_time":1.178549476},
{"learn":[4.202968852],"iteration":386,"passed_time":0.7424755609,"remaining_time":1.17606594},
{"learn":[4.197261935],"iteration":387,"passed_time":0.7440202858,"remaining_time":1.17355777},
{"learn":[4.196934403],"iteration":388,"passed_time":0.7455257208,"remaining_time":1.170992842},
{"learn":[4.192479929],"iteration":389,"passed_time":0.7471812257,"remaining_time":1.168668071},
{"learn":[4.190243116],"iteration":390,"passed_time":0.7491380916,"remaining_time":1.166816107},
{"learn":[4.185852431],"iteration":391,"passed_time":0.7513133131,"remaining_time":1.165302282},
{"learn":[4.180967944],"iteration":392,"passed_time":0.7529077346,"remaining_time":1.162888028},
{"learn":[4.178283162],"iteration":393,"passed_time":0.7545053978,"remaining_time":1.160482921},
{"learn":[4.176341157],"iteration":394,"passed_time":0.7562510673,"remaining_time":1.158308597},
{"learn":[4.176041504],"iteration":395,"passed_time":0.7584997901,"remaining_time":1.15690372},
{"learn":[4.175564513],"iteration":396,"passed_time":0.7609808673,"remaining_time":1.155847514},
{"learn":[4.170830274],"iteration":397,"passed_time":0.7627275789,"remaining_time":1.153673373},
{"learn":[4.167804808],"iteration":398,"passed_time":0.7646946145,"remaining_time":1.151833241},
{"learn":[4.165860548],"iteration":399,"passed_time":0.7665861796,"remaining_time":1.149879269},
{"learn":[4.160950571],"iteration":400,"passed_time":0.7682944501,"remaining_time":1.14765181},
{"learn":[4.158544115],"iteration":401,"passed_time":0.7699465964,"remaining_time":1.145343444},
{"learn":[4.154448767],"iteration":402,"passed_time":0.7714982938,"remaining_time":1.142889532},
{"learn":[4.15197457],"iteration":403,"passed_time":0.77306765,"remaining_time":1.140466137},
{"learn":[4.149562679],"iteration":404,"passed_time":0.7746293678,"remaining_time":1.138035738},
{"learn":[4.149327961],"iteration":405,"passed_time":0.7760928399,"remaining_time":1.135465879},
{"learn":[4.147444889],"iteration":406,"passed_time":0.7777232438,"remaining_time":1.133144677},
{"learn":[4.147254809],"iteration":407,"passed_time":0.7795816987,"remaining_time":1.131157759},
{"learn":[4.144589165],"iteration":408,"passed_time":0.7814603267,"remaining_time":1.129200619},
{"learn":[4.141691034],"iteration":409,"passed_time":0.7830861239,"remaining_time":1.126880032},
{"learn":[4.138893468],"iteration":410,"passed_time":0.7847669188,"remaining_time":1.124641643},
{"learn":[4.136964597],"iteration":411,"passed_time":0.7863308459,"remaining_time":1.122239168},
{"learn":[4.133773523],"iteration":412,"passed_time":0.7879537401,"remaining_time":1.119924565},
{"learn":[4.131363444],"iteration":413,"passed_time":0.7897503699,"remaining_time":1.117859219},
{"learn":[4.130228592],"iteration":414,"passed_time":0.7920391467,"remaining_time":1.116488918},
{"learn":[4.12884186],"iteration":415,"passed_time":0.7979767919,"remaining_time":1.12023665},
{"learn":[4.12413494],"iteration":416,"passed_time":0.8002956195,"remaining_time":1.118878528},
{"learn":[4.119422508],"iteration":417,"passed_time":0.8028679345,"remaining_time":1.117868751},
{"learn":[4.117038244],"iteration":418,"passed_time":0.8046303472,"remaining_time":1.115728477},
{"learn":[4.116067631],"iteration":419,"passed_time":0.8061571858,"remaining_time":1.113264685},
{"learn":[4.110343455],"iteration":420,"passed_time":0.8078952116,"remaining_time":1.11109579},
{"learn":[4.105604544],"iteration":421,"passed_time":0.8101765344,"remaining_time":1.109673073},
{"learn":[4.103390131],"iteration":422,"passed_time":0.8133969627,"remaining_time":1.109527299},
{"learn":[4.096724402],"iteration":423,"passed_time":0.8151232798,"remaining_time":1.107337286},
{"learn":[4.093431279],"iteration":424,"passed_time":0.8169326803,"remaining_time":1.105261862},
{"learn":[4.091412744],"iteration":425,"passed_time":0.8188401164,"remaining_time":1.103319781},
{"learn":[4.091192901],"iteration":426,"passed_time":0.8204586826,"remaining_time":1.100990223},
{"learn":[4.088994581],"iteration":427,"passed_time":0.8221529016,"remaining_time":1.098765093},
{"learn":[4.087845355],"iteration":428,"passed_time":0.8240688095,"remaining_time":1.096837506},
{"learn":[4.083650279],"iteration":429,"passed_time":0.8265964855,"remaining_time":1.095720923},
{"learn":[4.079840652],"iteration":430,"passed_time":0.8290900466,"remaining_time":1.094552753},
{"learn":[4.075707828],"iteration":431,"passed_time":0.8307220094,"remaining_time":1.092245605},
{"learn":[4.071345409],"iteration":432,"passed_time":0.8322715371,"remaining_time":1.089833629},
{"learn":[4.067460475],"iteration":433,"passed_time":0.8339806532,"remaining_time":1.087633755},
{"learn":[4.064914749],"iteration":434,"passed_time":0.8355449374,"remaining_time":1.085248022},
{"learn":[4.063823175],"iteration":435,"passed_time":0.8370949753,"remaining_time":1.082847629},
{"learn":[4.058898471],"iteration":436,"passed_time":0.8388351209,"remaining_time":1.080696048},
{"learn":[4.054120355],"iteration":437,"passed_time":0.8417398812,"remaining_time":1.080040669},
{"learn":[4.052715901],"iteration":438,"passed_time":0.8446451351,"remaining_time":1.079375674},
{"learn":[4.052114167],"iteration":439,"passed_time":0.8466613042,"remaining_time":1.077568933},
{"learn":[4.051377267],"iteration":440,"passed_time":0.8482270557,"remaining_time":1.075190304},
{"learn":[4.049275336],"iteration":441,"passed_time":0.8497690586,"remaining_time":1.072785373},
{"learn":[4.047099198],"iteration":442,"passed_time":0.8514370912,"remaining_time":1.070542799},
{"learn":[4.044348685],"iteration":443,"passed_time":0.8530030117,"remaining_time":1.068174943},
{"learn":[4.042822379],"iteration":444,"passed_time":0.8550005549,"remaining_time":1.066349007},
{"learn":[4.041258611],"iteration":445,"passed_time":0.857812653,"remaining_time":1.065534103},
{"learn":[4.040044254],"iteration":446,"passed_time":0.8596464338,"remaining_time":1.063499951},
{"learn":[4.036860137],"iteration":447,"passed_time":0.8612380204,"remaining_time":1.061168275},
{"learn":[4.036372284],"iteration":448,"passed_time":0.8627400859,"remaining_time":1.058730039},
{"learn":[4.03368231],"iteration":449,"passed_time":0.8643689126,"remaining_time":1.056450893},
{"learn":[4.032439519],"iteration":450,"passed_time":0.8659166308,"remaining_time":1.054075899},
{"learn":[4.032008634],"iteration":451,"passed_time":0.8674785621,"remaining_time":1.051721797},
{"learn":[4.030034932],"iteration":452,"passed_time":0.8692873343,"remaining_time":1.049669254},
{"learn":[4.028173412],"iteration":453,"passed_time":0.8719689708,"remaining_time":1.048667529},
{"learn":[4.023806097],"iteration":454,"passed_time":0.8745092422,"remaining_time":1.047489092},
{"learn":[4.020239186],"iteration":455,"passed_time":0.8765440154,"remaining_time":1.045701632},
{"learn":[4.017384838],"iteration":456,"passed_time":0.8784806966,"remaining_time":1.043796539},
{"learn":[4.016468229],"iteration":457,"passed_time":0.8801289489,"remaining_time":1.041549979},
{"learn":[4.014530169],"iteration":458,"passed_time":0.881699189,"remaining_time":1.039214077},
{"learn":[4.012884822],"iteration":459,"passed_time":0.8833461887,"remaining_time":1.036971613},
{"learn":[4.008924707],"iteration":460,"passed_time":0.8853453233,"remaining_time":1.035143447},
{"learn":[4.008286778],"iteration":461,"passed_time":0.8886952495,"remaining_time":1.034887542},
{"learn":[4.006444202],"iteration":462,"passed_time":0.8902850167,"remaining_time":1.03257679},
{"learn":[4.003284363],"iteration":463,"passed_time":0.891887295,"remaining_time":1.030283599},
{"learn":[3.999811484],"iteration":464,"passed_time":0.8934754859,"remaining_time":1.027977172},
{"learn":[3.997483319],"iteration":465,"passed_time":0.8950762078,"remaining_time":1.025688187},
{"learn":[3.99708333],"iteration":466,"passed_time":0.8966009448,"remaining_time":1.023315425},
{"learn":[3.995860263],"iteration":467,"passed_time":0.8982728651,"remaining_time":1.021113599},
{"learn":[3.994131111],"iteration":468,"passed_time":0.9000771736,"remaining_time":1.019063922},
{"learn":[3.993125499],"iteration":469,"passed_time":0.9032456212,"remaining_time":1.018553573},
{"learn":[3.992954084],"iteration":470,"passed_time":0.9048937712,"remaining_time":1.016324427},
{"learn":[3.990635743],"iteration":471,"passed_time":0.9065422067,"remaining_time":1.014098062},
{"learn":[3.986678254],"iteration":472,"passed_time":0.9082133745,"remaining_time":1.011899468},
{"learn":[3.986393291],"iteration":473,"passed_time":0.9098710068,"remaining_time":1.009688079},
{"learn":[3.986152671],"iteration":474,"passed_time":0.9113798662,"remaining_time":1.007314589},
{"learn":[3.985596662],"iteration":475,"passed_time":0.9128681506,"remaining_time":1.004922082},
{"learn":[3.983853457],"iteration":476,"passed_time":0.9147145714,"remaining_time":1.00292604},
{"learn":[3.983263928],"iteration":477,"passed_time":0.9179082291,"remaining_time":1.002401874},
{"learn":[3.980067202],"iteration":478,"passed_time":0.9197691335,"remaining_time":1.000416949},
{"learn":[3.978115407],"iteration":479,"passed_time":0.9214149659,"remaining_time":0.9981995464},
{"learn":[3.972661644],"iteration":480,"passed_time":0.9231131387,"remaining_time":0.9960409958},
{"learn":[3.969938254],"iteration":481,"passed_time":0.9248149669,"remaining_time":0.9938882839},
{"learn":[3.968211434],"iteration":482,"passed_time":0.9264057187,"remaining_time":0.9916185437},
{"learn":[3.966113368],"iteration":483,"passed_time":0.9280007744,"remaining_time":0.9893561975},
{"learn":[3.962246044],"iteration":484,"passed_time":0.930014209,"remaining_time":0.9875408611},
{"learn":[3.961319703],"iteration":485,"passed_time":0.9333473103,"remaining_time":0.9871204064},
{"learn":[3.96078191],"iteration":486,"passed_time":0.935029402,"remaining_time":0.9849488362},
{"learn":[3.958913633],"iteration":487,"passed_time":0.9366727039,"remaining_time":0.9827385746},
{"learn":[3.957428286],"iteration":488,"passed_time":0.9382579943,"remaining_time":0.9804700104},
{"learn":[3.952641965],"iteration":489,"passed_time":0.9397173665,"remaining_time":0.9780731774},
{"learn":[3.951486786],"iteration":490,"passed_time":0.9412290258,"remaining_time":0.9757343668},
{"learn":[3.94938344],"iteration":491,"passed_time":0.9431780939,"remaining_time":0.9738505522},
{"learn":[3.947297924],"iteration":492,"passed_time":0.9471158704,"remaining_time":0.9740116558},
{"learn":[3.946284886],"iteration":493,"passed_time":0.9498889266,"remaining_time":0.9729631515},
{"learn":[3.943288204],"iteration":494,"passed_time":0.9518610429,"remaining_time":0.9710905589},
{"learn":[3.943076488],"iteration":495,"passed_time":0.9533636651,"remaining_time":0.9687404985},
{"learn":[3.942347078],"iteration":496,"passed_time":0.9548423224,"remaining_time":0.9663695939},
{"learn":[3.940251541],"iteration":497,"passed_time":0.9563645617,"remaining_time":0.9640462048},
{"learn":[3.939011019],"iteration":498,"passed_time":0.9580065694,"remaining_time":0.9618462751},
{"learn":[3.938760512],"iteration":499,"passed_time":0.9597102881,"remaining_time":0.9597102881},
{"learn":[3.934522727],"iteration":500,"passed_time":0.9624421359,"remaining_time":0.9586000515},
{"learn":[3.930091193],"iteration":501,"passed_time":0.9644564032,"remaining_time":0.9567714916},
{"learn":[3.927671752],"iteration":502,"passed_time":0.9660439491,"remaining_time":0.954520562},
{"learn":[3.927280041],"iteration":503,"passed_time":0.967523372,"remaining_time":0.9521658582},
{"learn":[3.925987561],"iteration":504,"passed_time":0.9690656446,"remaining_time":0.9498762259},
{"learn":[3.921645957],"iteration":505,"passed_time":0.970479965,"remaining_time":0.9474646298},
{"learn":[3.920333743],"iteration":506,"passed_time":0.9719903009,"remaining_time":0.945150332},
{"learn":[3.918659461],"iteration":507,"passed_time":0.9735034882,"remaining_time":0.942841961},
{"learn":[3.916124385],"iteration":508,"passed_time":0.9753172899,"remaining_time":0.9408266981},
{"learn":[3.913849268],"iteration":509,"passed_time":0.9783619134,"remaining_time":0.9399947796},
{"learn":[3.912826119],"iteration":510,"passed_time":0.980097193,"remaining_time":0.9379012278},
{"learn":[3.910034145],"iteration":511,"passed_time":0.9818116903,"remaining_time":0.9357892674},
{"learn":[3.90792379],"iteration":512,"passed_time":0.9836071508,"remaining_time":0.9337557163},
{"learn":[3.907823851],"iteration":513,"passed_time":0.9849672699,"remaining_time":0.9313114653},
{"learn":[3.904527401],"iteration":514,"passed_time":0.9864990706,"remaining_time":0.9290331053},
{"learn":[3.903378283],"iteration":515,"passed_time":0.9881211495,"remaining_time":0.9268423185},
{"learn":[3.902170135],"iteration":516,"passed_time":0.9902246675,"remaining_time":0.9251035095},
{"learn":[3.899435429],"iteration":517,"passed_time":0.9932187331,"remaining_time":0.9241919485},
{"learn":[3.897497505],"iteration":518,"passed_time":0.9947919598,"remaining_time":0.9219555543},
{"learn":[3.896426119],"iteration":519,"passed_time":0.9963616397,"remaining_time":0.9197184367},
{"learn":[3.896044669],"iteration":520,"passed_time":0.9979860149,"remaining_time":0.9175341673},
{"learn":[3.892795942],"iteration":521,"passed_time":0.9995253195,"remaining_time":0.9152741432},
{"learn":[3.892413888],"iteration":522,"passed_time":1.001066664,"remaining_time":0.9130187357},
{"learn":[3.891738985],"iteration":523,"passed_time":1.002611013,"remaining_time":0.9107687827},
{"learn":[3.88822057],"iteration":524,"passed_time":1.004646085,"remaining_time":0.9089655058},
{"learn":[3.883837053],"iteration":525,"passed_time":1.007430643,"remaining_time":0.907836739},
{"learn":[3.881769742],"iteration":526,"passed_time":1.009245118,"remaining_time":0.9058310075},
{"learn":[3.880356898],"iteration":527,"passed_time":1.010923154,"remaining_time":0.9037040318},
{"learn":[3.879250273],"iteration":528,"passed_time":1.012543696,"remaining_time":0.9015275629},
{"learn":[3.877174493],"iteration":529,"passed_time":1.014252616,"remaining_time":0.8994315655},
{"learn":[3.875854201],"iteration":530,"passed_time":1.015884863,"remaining_time":0.8972693046},
{"learn":[3.873189396],"iteration":531,"passed_time":1.017426379,"remaining_time":0.895029221},
{"learn":[3.871583368],"iteration":532,"passed_time":1.019911916,"remaining_time":0.8936188829},
{"learn":[3.869622679],"iteration":533,"passed_time":1.023087127,"remaining_time":0.8928063695},
{"learn":[3.866860164],"iteration":534,"passed_time":1.024840709,"remaining_time":0.8907494009},
{"learn":[3.864498444],"iteration":535,"passed_time":1.026473168,"remaining_time":0.8885887128},
{"learn":[3.861416322],"iteration":536,"passed_time":1.02800929,"remaining_time":0.8863469299},
{"learn":[3.860265769],"iteration":537,"passed_time":1.029594146,"remaining_time":0.8841496199},
{"learn":[3.859328725],"iteration":538,"passed_time":1.031156408,"remaining_time":0.8819352579},
{"learn":[3.858521278],"iteration":539,"passed_time":1.032749593,"remaining_time":0.8797496535},
{"learn":[3.85599111],"iteration":540,"passed_time":1.035338377,"remaining_time":0.8784109334},
{"learn":[3.852379816],"iteration":541,"passed_time":1.038452185,"remaining_time":0.8775112556},
{"learn":[3.851327537],"iteration":542,"passed_time":1.040141746,"remaining_time":0.8754047476},
{"learn":[3.847854898],"iteration":543,"passed_time":1.041696921,"remaining_time":0.8731871248},
{"learn":[3.847083414],"iteration":544,"passed_time":1.043447507,"remaining_time":0.871135075},
{"learn":[3.845397429],"iteration":545,"passed_time":1.045093052,"remaining_time":0.8689967864},
{"learn":[3.841933528],"iteration":546,"passed_time":1.046674662,"remaining_time":0.8668073522},
{"learn":[3.840996474],"iteration":547,"passed_time":1.048290363,"remaining_time":0.8646482556},
{"learn":[3.838355966],"iteration":548,"passed_time":1.050393533,"remaining_time":0.8628915906},
{"learn":[3.83342799],"iteration":549,"passed_time":1.05372446,"remaining_time":0.8621381943},
{"learn":[3.828161535],"iteration":550,"passed_time":1.055512576,"remaining_time":0.8601182331},
{"learn":[3.823502399],"iteration":551,"passed_time":1.057504752,"remaining_time":0.8582647261},
{"learn":[3.820068862],"iteration":552,"passed_time":1.059310186,"remaining_time":0.8562597707},
{"learn":[3.817951642],"iteration":553,"passed_time":1.060856419,"remaining_time":0.8540468642},
{"learn":[3.815785958],"iteration":554,"passed_time":1.06237481,"remaining_time":0.8518140365},
{"learn":[3.81503012],"iteration":555,"passed_time":1.064111252,"remaining_time":0.8497579065},
{"learn":[3.813529315],"iteration":556,"passed_time":1.066839562,"remaining_time":0.8484917884},
{"learn":[3.808881326],"iteration":557,"passed_time":1.068959606,"remaining_time":0.8467386126},
{"learn":[3.808740434],"iteration":558,"passed_time":1.070471351,"remaining_time":0.8445042324},
{"learn":[3.80714352],"iteration":559,"passed_time":1.072167976,"remaining_time":0.8424176951},
{"learn":[3.80573346],"iteration":560,"passed_time":1.073722935,"remaining_time":0.8402216905},
{"learn":[3.803370052],"iteration":561,"passed_time":1.075316295,"remaining_time":0.8380578955},
{"learn":[3.803215211],"iteration":562,"passed_time":1.076862281,"remaining_time":0.8358593551},
{"learn":[3.801309667],"iteration":563,"passed_time":1.078415956,"remaining_time":0.8336690723},
{"learn":[3.800003847],"iteration":564,"passed_time":1.081449399,"remaining_time":0.8326203336},
{"learn":[3.798026138],"iteration":565,"passed_time":1.083705381,"remaining_time":0.8309684373},
{"learn":[3.794745847],"iteration":566,"passed_time":1.085328163,"remaining_time":0.8288308544},
{"learn":[3.794312041],"iteration":567,"passed_time":1.087070877,"remaining_time":0.8267863009},
{"learn":[3.792205926],"iteration":568,"passed_time":1.088719857,"remaining_time":0.8246718076},
{"learn":[3.788991061],"iteration":569,"passed_time":1.090444671,"remaining_time":0.8226161555},
{"learn":[3.787391572],"iteration":570,"passed_time":1.092343341,"remaining_time":0.8206922827},
{"learn":[3.7826445],"iteration":571,"passed_time":1.094242781,"remaining_time":0.8187690737},
{"learn":[3.781700331],"iteration":572,"passed_time":1.097073438,"remaining_time":0.8175398918},
{"learn":[3.780045374],"iteration":573,"passed_time":1.098911161,"remaining_time":0.8155682132},
{"learn":[3.775462644],"iteration":574,"passed_time":1.100776318,"remaining_time":0.8136172782},
{"learn":[3.773711943],"iteration":575,"passed_time":1.102380926,"remaining_time":0.8114748481},
{"learn":[3.772415806],"iteration":576,"passed_time":1.104013003,"remaining_time":0.8093544196},
{"learn":[3.770170875],"iteration":577,"passed_time":1.105712588,"remaining_time":0.8072849692},
{"learn":[3.765166479],"iteration":578,"passed_time":1.108075029,"remaining_time":0.8056987689},
{"learn":[3.763976102],"iteration":579,"passed_time":1.111396477,"remaining_time":0.8048043454},
{"learn":[3.760761708],"iteration":580,"passed_time":1.113736294,"remaining_time":0.8031936438},
{"learn":[3.758155662],"iteration":581,"passed_time":1.115568648,"remaining_time":0.8012159708},
{"learn":[3.756844548],"iteration":582,"passed_time":1.117312392,"remaining_time":0.7991754161},
{"learn":[3.753098923],"iteration":583,"passed_time":1.119156611,"remaining_time":0.7972074492},
{"learn":[3.751618946],"iteration":584,"passed_time":1.120806606,"remaining_time":0.795102122},
{"learn":[3.751398464],"iteration":585,"passed_time":1.122403061,"remaining_time":0.7929605245},
{"learn":[3.749920103],"iteration":586,"passed_time":1.125002092,"remaining_time":0.7915261735},
{"learn":[3.748237465],"iteration":587,"passed_time":1.127512589,"remaining_time":0.7900258274},
{"learn":[3.746021536],"iteration":588,"passed_time":1.129283233,"remaining_time":0.7880057872},
{"learn":[3.74417648],"iteration":589,"passed_time":1.131212395,"remaining_time":0.786096749},
{"learn":[3.738788389],"iteration":590,"passed_time":1.13297517,"remaining_time":0.7840724948},
{"learn":[3.736021611],"iteration":591,"passed_time":1.134770135,"remaining_time":0.7820713092},
{"learn":[3.734546151],"iteration":592,"passed_time":1.136718969,"remaining_time":0.7801764257},
{"learn":[3.733527479],"iteration":593,"passed_time":1.139002672,"remaining_time":0.7785102441},
{"learn":[3.733026392],"iteration":594,"passed_time":1.141744743,"remaining_time":0.7771539845},
{"learn":[3.730314752],"iteration":595,"passed_time":1.143587793,"remaining_time":0.7751836716},
{"learn":[3.727342596],"iteration":596,"passed_time":1.145566417,"remaining_time":0.7733053034},
{"learn":[3.725459604],"iteration":597,"passed_time":1.147295822,"remaining_time":0.7712590641},
{"learn":[3.723158842],"iteration":598,"passed_time":1.149155252,"remaining_time":0.769300928},
{"learn":[3.722362756],"iteration":599,"passed_time":1.150791832,"remaining_time":0.7671945546},
{"learn":[3.721443615],"iteration":600,"passed_time":1.152640477,"remaining_time":0.765230533},
{"learn":[3.720743486],"iteration":601,"passed_time":1.156741409,"remaining_time":0.7647559483},
{"learn":[3.720215334],"iteration":602,"passed_time":1.15879864,"remaining_time":0.7629238143},
{"learn":[3.719436563],"iteration":603,"passed_time":1.160624064,"remaining_time":0.7609389559},
{"learn":[3.715046574],"iteration":604,"passed_time":1.162396616,"remaining_time":0.7589201048},
{"learn":[3.71443396],"iteration":605,"passed_time":1.164075182,"remaining_time":0.7568409598},
{"learn":[3.712938941],"iteration":606,"passed_time":1.165803783,"remaining_time":0.7547955301},
{"learn":[3.712814764],"iteration":607,"passed_time":1.167590643,"remaining_time":0.7527887041},
{"learn":[3.71235348],"iteration":608,"passed_time":1.170943315,"remaining_time":0.7517879083},
{"learn":[3.711223749],"iteration":609,"passed_time":1.173312011,"remaining_time":0.750150302},
{"learn":[3.710755648],"iteration":610,"passed_time":1.175568897,"remaining_time":0.7484391176},
{"learn":[3.708668039],"iteration":611,"passed_time":1.177458452,"remaining_time":0.7464932669},
{"learn":[3.705623591],"iteration":612,"passed_time":1.179160173,"remaining_time":0.7444290163},
{"learn":[3.704045802],"iteration":613,"passed_time":1.180972374,"remaining_time":0.7424354015},
{"learn":[3.699915209],"iteration":614,"passed_time":1.182669252,"remaining_time":0.7403701824},
{"learn":[3.696182221],"iteration":615,"passed_time":1.186854968,"remaining_time":0.7398576422},
{"learn":[3.694263278],"iteration":616,"passed_time":1.188585093,"remaining_time":0.7378088991},
{"learn":[3.693810229],"iteration":617,"passed_time":1.190299658,"remaining_time":0.7357515683},
{"learn":[3.690900932],"iteration":618,"passed_time":1.192326438,"remaining_time":0.7338875165},
{"learn":[3.688020895],"iteration":619,"passed_time":1.193881493,"remaining_time":0.7317338185},
{"learn":[3.685491894],"iteration":620,"passed_time":1.195509238,"remaining_time":0.729626411},
{"learn":[3.684328128],"iteration":621,"passed_time":1.197175343,"remaining_time":0.727543858},
{"learn":[3.680640153],"iteration":622,"passed_time":1.200685746,"remaining_time":0.7265786936},
{"learn":[3.678932783],"iteration":623,"passed_time":1.202857596,"remaining_time":0.7247988076},
{"learn":[3.674167041],"iteration":624,"passed_time":1.204614886,"remaining_time":0.7227689319},
{"learn":[3.672200976],"iteration":625,"passed_time":1.20628334,"remaining_time":0.7206868518},
{"learn":[3.670606604],"iteration":626,"passed_time":1.208014266,"remaining_time":0.7186432553},
{"learn":[3.665506042],"iteration":627,"passed_time":1.209648027,"remaining_time":0.7165430988},
{"learn":[3.664214007],"iteration":628,"passed_time":1.211270403,"remaining_time":0.7144377096},
{"learn":[3.66261643],"iteration":629,"passed_time":1.213092848,"remaining_time":0.7124513554},
{"learn":[3.662118449],"iteration":630,"passed_time":1.215739321,"remaining_time":0.7109474003},
{"learn":[3.660871366],"iteration":631,"passed_time":1.217918536,"remaining_time":0.7091677553},
{"learn":[3.656695243],"iteration":632,"passed_time":1.219714528,"remaining_time":0.707164663},
{"learn":[3.654497801],"iteration":633,"passed_time":1.221484616,"remaining_time":0.7051472704},
{"learn":[3.654189134],"iteration":634,"passed_time":1.223223514,"remaining_time":0.7031127285},
{"learn":[3.653957699],"iteration":635,"passed_time":1.224895181,"remaining_time":0.7010406382},
{"learn":[3.651920725],"iteration":636,"passed_time":1.226734396,"remaining_time":0.6990652835},
{"learn":[3.65106705],"iteration":637,"passed_time":1.228318203,"remaining_time":0.6969454382},
{"learn":[3.650612844],"iteration":638,"passed_time":1.231113155,"remaining_time":0.6955115006},
{"learn":[3.649884732],"iteration":639,"passed_time":1.232819931,"remaining_time":0.6934612112},
{"learn":[3.646276182],"iteration":640,"passed_time":1.234618508,"remaining_time":0.6914634075},
{"learn":[3.645808194],"iteration":641,"passed_time":1.236085281,"remaining_time":0.6892812},
{"learn":[3.645042989],"iteration":642,"passed_time":1.237570099,"remaining_time":0.687111237},
{"learn":[3.639864499],"iteration":643,"passed_time":1.239407947,"remaining_time":0.6851385543},
{"learn":[3.637318478],"iteration":644,"passed_time":1.241331308,"remaining_time":0.6832133554},
{"learn":[3.636344905],"iteration":645,"passed_time":1.243497103,"remaining_time":0.6814210132},
{"learn":[3.634754643],"iteration":646,"passed_time":1.248360322,"remaining_time":0.6810992174},
{"learn":[3.630724975],"iteration":647,"passed_time":1.251123234,"remaining_time":0.6796224975},
{"learn":[3.629408252],"iteration":648,"passed_time":1.253556525,"remaining_time":0.6779635441},
{"learn":[3.62790646],"iteration":649,"passed_time":1.255958105,"remaining_time":0.6762851335},
{"learn":[3.627388973],"iteration":650,"passed_time":1.261784723,"remaining_time":0.6764406578},
{"learn":[3.625163557],"iteration":651,"passed_time":1.264158572,"remaining_time":0.6747349432},
{"learn":[3.623701985],"iteration":652,"passed_time":1.266360042,"remaining_time":0.6729355813},
{"learn":[3.622342639],"iteration":653,"passed_time":1.268515006,"remaining_time":0.6711103852},
{"learn":[3.621130639],"iteration":654,"passed_time":1.271129117,"remaining_time":0.6695260235},
{"learn":[3.619125665],"iteration":655,"passed_time":1.274276578,"remaining_time":0.6682182058},
{"learn":[3.618878783],"iteration":656,"passed_time":1.277345428,"remaining_time":0.666863747},
{"learn":[3.616207429],"iteration":657,"passed_time":1.279855106,"remaining_time":0.6652134441},
{"learn":[3.61206486],"iteration":658,"passed_time":1.282587259,"remaining_time":0.6636756528},
{"learn":[3.611955873],"iteration":659,"passed_time":1.286210103,"remaining_time":0.6625930836},
{"learn":[3.610713743],"iteration":660,"passed_time":1.28931214,"remaining_time":0.6612357269},
{"learn":[3.610044025],"iteration":661,"passed_time":1.292488744,"remaining_time":0.6599111712},
{"learn":[3.607342669],"iteration":662,"passed_time":1.295828334,"remaining_time":0.6586638741},
{"learn":[3.602510618],"iteration":663,"passed_time":1.29883991,"remaining_time":0.6572442917},
{"learn":[3.600492392],"iteration":664,"passed_time":1.300959779,"remaining_time":0.6553707155},
{"learn":[3.597171065],"iteration":665,"passed_time":1.304071818,"remaining_time":0.653993975},
{"learn":[3.594358798],"iteration":666,"passed_time":1.307732647,"remaining_time":0.6528860143},
{"learn":[3.593945251],"iteration":667,"passed_time":1.309911005,"remaining_time":0.6510336132},
{"learn":[3.593607748],"iteration":668,"passed_time":1.311936121,"remaining_time":0.6491044184},
{"learn":[3.592238714],"iteration":669,"passed_time":1.31484643,"remaining_time":0.6476109281},
{"learn":[3.590144654],"iteration":670,"passed_time":1.317548069,"remaining_time":0.6460109011},
{"learn":[3.587151536],"iteration":671,"passed_time":1.320826201,"remaining_time":0.6446889791},
{"learn":[3.586070865],"iteration":672,"passed_time":1.323192917,"remaining_time":0.642918401},
{"learn":[3.585102746],"iteration":673,"passed_time":1.32697342,"remaining_time":0.6418298738},
{"learn":[3.584362847],"iteration":674,"passed_time":1.328853978,"remaining_time":0.6398185821},
{"learn":[3.581407561],"iteration":675,"passed_time":1.331310038,"remaining_time":0.6380835093},
{"learn":[3.57919422],"iteration":676,"passed_time":1.339935017,"remaining_time":0.6392895281},
{"learn":[3.577632204],"iteration":677,"passed_time":1.342919774,"remaining_time":0.6377878572},
{"learn":[3.573911195],"iteration":678,"passed_time":1.346252877,"remaining_time":0.6364465},
{"learn":[3.573408216],"iteration":679,"passed_time":1.348673967,"remaining_time":0.634670102},
{"learn":[3.571076482],"iteration":680,"passed_time":1.351981727,"remaining_time":0.6333071524},
{"learn":[3.568177107],"iteration":681,"passed_time":1.355963664,"remaining_time":0.632252852},
{"learn":[3.564824621],"iteration":682,"passed_time":1.358181539,"remaining_time":0.6303712269},
{"learn":[3.562475026],"iteration":683,"passed_time":1.360520881,"remaining_time":0.6285447346},
{"learn":[3.561226889],"iteration":684,"passed_time":1.3623949,"remaining_time":0.6265027642},
{"learn":[3.559383467],"iteration":685,"passed_time":1.365651763,"remaining_time":0.6250942474},
{"learn":[3.555209766],"iteration":686,"passed_time":1.368848166,"remaining_time":0.6236528032},
{"learn":[3.55345383],"iteration":687,"passed_time":1.370654994,"remaining_time":0.6215761019},
{"learn":[3.552300968],"iteration":688,"passed_time":1.372721892,"remaining_time":0.6196175741},
{"learn":[3.551253986],"iteration":689,"passed_time":1.374618194,"remaining_time":0.6175820872},
{"learn":[3.549807725],"iteration":690,"passed_time":1.376345258,"remaining_time":0.6154713236},
{"learn":[3.547992926],"iteration":691,"passed_time":1.378540295,"remaining_time":0.6135699578},
{"learn":[3.545438607],"iteration":692,"passed_time":1.382458675,"remaining_time":0.6124311881},
{"learn":[3.543313763],"iteration":693,"passed_time":1.384568299,"remaining_time":0.6104868869},
{"learn":[3.542962896],"iteration":694,"passed_time":1.386543241,"remaining_time":0.608483005},
{"learn":[3.539800465],"iteration":695,"passed_time":1.388193721,"remaining_time":0.6063374873},
{"learn":[3.53953187],"iteration":696,"passed_time":1.389916686,"remaining_time":0.604224901},
{"learn":[3.536332425],"iteration":697,"passed_time":1.391753021,"remaining_time":0.6021624819},
{"learn":[3.534993327],"iteration":698,"passed_time":1.393865463,"remaining_time":0.6002196055},
{"learn":[3.531637011],"iteration":699,"passed_time":1.39680204,"remaining_time":0.5986294456},
{"learn":[3.531040284],"iteration":700,"passed_time":1.39875996,"remaining_time":0.5966180145},
{"learn":[3.529973872],"iteration":701,"passed_time":1.400715765,"remaining_time":0.5946058376},
{"learn":[3.527325183],"iteration":702,"passed_time":1.40267657,"remaining_time":0.5925959336},
{"learn":[3.527200815],"iteration":703,"passed_time":1.419499443,"remaining_time":0.5968349929},
{"learn":[3.523459911],"iteration":704,"passed_time":1.422608803,"remaining_time":0.5952760241},
{"learn":[3.522729934],"iteration":705,"passed_time":1.428116185,"remaining_time":0.5947112724},
{"learn":[3.522260582],"iteration":706,"passed_time":1.431853938,"remaining_time":0.5933991567},
{"learn":[3.518641591],"iteration":707,"passed_time":1.433984747,"remaining_time":0.5914174382},
{"learn":[3.516856405],"iteration":708,"passed_time":1.436085858,"remaining_time":0.5894231094},
{"learn":[3.515083413],"iteration":709,"passed_time":1.438409769,"remaining_time":0.587519483},
{"learn":[3.514671214],"iteration":710,"passed_time":1.441667607,"remaining_time":0.5859942875},
{"learn":[3.512617621],"iteration":711,"passed_time":1.445072234,"remaining_time":0.5845236002},
{"learn":[3.510747971],"iteration":712,"passed_time":1.447298932,"remaining_time":0.5825733427},
{"learn":[3.508149266],"iteration":713,"passed_time":1.449671923,"remaining_time":0.5806809103},
{"learn":[3.504557165],"iteration":714,"passed_time":1.451929,"remaining_time":0.5787409302},
{"learn":[3.501367208],"iteration":715,"passed_time":1.4541101,"remaining_time":0.5767699281},
{"learn":[3.497593362],"iteration":716,"passed_time":1.460016254,"remaining_time":0.5762686191},
{"learn":[3.496291169],"iteration":717,"passed_time":1.479669672,"remaining_time":0.5811515981},
{"learn":[3.49330374],"iteration":718,"passed_time":1.481842447,"remaining_time":0.5791345308},
{"learn":[3.490044385],"iteration":719,"passed_time":1.484189158,"remaining_time":0.5771846726},
{"learn":[3.488891789],"iteration":720,"passed_time":1.486334157,"remaining_time":0.5751556584},
{"learn":[3.486869081],"iteration":721,"passed_time":1.49002197,"remaining_time":0.5737203706},
{"learn":[3.486303638],"iteration":722,"passed_time":1.492646451,"remaining_time":0.5718714619},
{"learn":[3.486035862],"iteration":723,"passed_time":1.494842682,"remaining_time":0.5698571551},
{"learn":[3.482668951],"iteration":724,"passed_time":1.496985315,"remaining_time":0.5678220162},
{"learn":[3.47820549],"iteration":725,"passed_time":1.499024987,"remaining_time":0.5657477222},
{"learn":[3.474392283],"iteration":726,"passed_time":1.50112831,"remaining_time":0.5636974258},
{"learn":[3.472268163],"iteration":727,"passed_time":1.503682781,"remaining_time":0.5618155444},
{"learn":[3.471209164],"iteration":728,"passed_time":1.507054623,"remaining_time":0.560235669},
{"learn":[3.470049971],"iteration":729,"passed_time":1.508940083,"remaining_time":0.5581011267},
{"learn":[3.469078654],"iteration":730,"passed_time":1.510623577,"remaining_time":0.5558929442},
{"learn":[3.468643292],"iteration":731,"passed_time":1.512626277,"remaining_time":0.5538030632},
{"learn":[3.468134848],"iteration":732,"passed_time":1.514378203,"remaining_time":0.5516220739},
{"learn":[3.467820182],"iteration":733,"passed_time":1.516054994,"remaining_time":0.5494150253},
{"learn":[3.465776156],"iteration":734,"passed_time":1.521068551,"remaining_time":0.5484124709},
{"learn":[3.463037608],"iteration":735,"passed_time":1.525051498,"remaining_time":0.5470293416},
{"learn":[3.45965637],"iteration":736,"passed_time":1.526902196,"remaining_time":0.5448782599},
{"learn":[3.457275091],"iteration":737,"passed_time":1.529139109,"remaining_time":0.5428651038},
{"learn":[3.455522955],"iteration":738,"passed_time":1.53073452,"remaining_time":0.5406247765},
{"learn":[3.451270508],"iteration":739,"passed_time":1.532615083,"remaining_time":0.5384863804},
{"learn":[3.450978947],"iteration":740,"passed_time":1.535416878,"remaining_time":0.5366706766},
{"learn":[3.450608492],"iteration":741,"passed_time":1.53757518,"remaining_time":0.5346285665},
{"learn":[3.448122004],"iteration":742,"passed_time":1.539610302,"remaining_time":0.5325435366},
{"learn":[3.445646714],"iteration":743,"passed_time":1.541475773,"remaining_time":0.5304002659},
{"learn":[3.44411263],"iteration":744,"passed_time":1.543205574,"remaining_time":0.5282113039},
{"learn":[3.443264164],"iteration":745,"passed_time":1.544943786,"remaining_time":0.5260264365},
{"learn":[3.439521363],"iteration":746,"passed_time":1.546719763,"remaining_time":0.5238555557},
{"learn":[3.436809225],"iteration":747,"passed_time":1.549043746,"remaining_time":0.5218703528},
{"learn":[3.435509465],"iteration":748,"passed_time":1.551782744,"remaining_time":0.5200233228},
{"learn":[3.434450277],"iteration":749,"passed_time":1.554116554,"remaining_time":0.5180388514},
{"learn":[3.431786753],"iteration":750,"passed_time":1.555866204,"remaining_time":0.5158597668},
{"learn":[3.430150302],"iteration":751,"passed_time":1.557682788,"remaining_time":0.513703898},
{"learn":[3.42696281],"iteration":752,"passed_time":1.559610454,"remaining_time":0.5115853681},
{"learn":[3.426870334],"iteration":753,"passed_time":1.562095725,"remaining_time":0.5096492685},
{"learn":[3.425200309],"iteration":754,"passed_time":1.564945259,"remaining_time":0.5078299186},
{"learn":[3.423383783],"iteration":755,"passed_time":1.566634756,"remaining_time":0.5056334399},
{"learn":[3.422752979],"iteration":756,"passed_time":1.568178114,"remaining_time":0.5033913893},
{"learn":[3.420845924],"iteration":757,"passed_time":1.569853814,"remaining_time":0.5011934341},
{"learn":[3.418917862],"iteration":758,"passed_time":1.571729517,"remaining_time":0.4990603604},
{"learn":[3.417095735],"iteration":759,"passed_time":1.573329461,"remaining_time":0.4968408825},
{"learn":[3.414391848],"iteration":760,"passed_time":1.575040629,"remaining_time":0.4946579637},
{"learn":[3.41426711],"iteration":761,"passed_time":1.577636391,"remaining_time":0.4927525737},
{"learn":[3.411976013],"iteration":762,"passed_time":1.579945158,"remaining_time":0.4907562286},
{"learn":[3.408614844],"iteration":763,"passed_time":1.581752012,"remaining_time":0.4886040246},
{"learn":[3.407906721],"iteration":764,"passed_time":1.58378867,"remaining_time":0.486523317},
{"learn":[3.407494015],"iteration":765,"passed_time":1.585591584,"remaining_time":0.4843713195},
{"learn":[3.406287128],"iteration":766,"passed_time":1.587128214,"remaining_time":0.4821393401},
{"learn":[3.404600442],"iteration":767,"passed_time":1.588616692,"remaining_time":0.4798946256},
{"learn":[3.404012662],"iteration":768,"passed_time":1.590261218,"remaining_time":0.4776987534},
{"learn":[3.400398762],"iteration":769,"passed_time":1.592773175,"remaining_time":0.475763416},
{"learn":[3.399737714],"iteration":770,"passed_time":1.59514324,"remaining_time":0.4737844385},
{"learn":[3.399185251],"iteration":771,"passed_time":1.596753422,"remaining_time":0.4715800261},
{"learn":[3.397245411],"iteration":772,"passed_time":1.598336261,"remaining_time":0.4693691218},
{"learn":[3.396229831],"iteration":773,"passed_time":1.599874832,"remaining_time":0.4671469148},
{"learn":[3.394002836],"iteration":774,"passed_time":1.601380936,"remaining_time":0.4649170459},
{"learn":[3.389617243],"iteration":775,"passed_time":1.602978586,"remaining_time":0.462715468},
{"learn":[3.385426488],"iteration":776,"passed_time":1.604616727,"remaining_time":0.4605270659},
{"learn":[3.385072258],"iteration":777,"passed_time":1.606596476,"remaining_time":0.4584375549},
{"learn":[3.383842366],"iteration":778,"passed_time":1.609255009,"remaining_time":0.4565408947},
{"learn":[3.380110746],"iteration":779,"passed_time":1.611019819,"remaining_time":0.4543902053},
{"learn":[3.378595218],"iteration":780,"passed_time":1.612499543,"remaining_time":0.4521605633},
{"learn":[3.377371219],"iteration":781,"passed_time":1.614108099,"remaining_time":0.449968754},
{"learn":[3.375814782],"iteration":782,"passed_time":1.615592238,"remaining_time":0.4477439536},
{"learn":[3.374195887],"iteration":783,"passed_time":1.617206002,"remaining_time":0.4455567556},
{"learn":[3.373704309],"iteration":784,"passed_time":1.618726221,"remaining_time":0.4433453982},
{"learn":[3.372971757],"iteration":785,"passed_time":1.620676164,"remaining_time":0.4412527979},
{"learn":[3.371565136],"iteration":786,"passed_time":1.62276474,"remaining_time":0.4391980808},
{"learn":[3.3700309],"iteration":787,"passed_time":1.62420228,"remaining_time":0.4369681262},
{"learn":[3.368186663],"iteration":788,"passed_time":1.625624677,"remaining_time":0.4347361304},
{"learn":[3.366710398],"iteration":789,"passed_time":1.627028792,"remaining_time":0.4325013245},
{"learn":[3.364598042],"iteration":790,"passed_time":1.628514062,"remaining_time":0.4302900619},
{"learn":[3.36348442],"iteration":791,"passed_time":1.630045213,"remaining_time":0.4280926821},
{"learn":[3.362001759],"iteration":792,"passed_time":1.63158678,"remaining_time":0.4258997018},
{"learn":[3.361580401],"iteration":793,"passed_time":1.633061184,"remaining_time":0.423690937},
{"learn":[3.359543675],"iteration":794,"passed_time":1.634772993,"remaining_time":0.4215452372},
{"learn":[3.35766119],"iteration":795,"passed_time":1.637147258,"remaining_time":0.4195704028},
{"learn":[3.354592969],"iteration":796,"passed_time":1.638701421,"remaining_time":0.4173856818},
{"learn":[3.350985986],"iteration":797,"passed_time":1.640187906,"remaining_time":0.4151854099},
{"learn":[3.349589624],"iteration":798,"passed_time":1.641690413,"remaining_time":0.4129909549},
{"learn":[3.349110856],"iteration":799,"passed_time":1.643227494,"remaining_time":0.4108068736},
{"learn":[3.345315441],"iteration":800,"passed_time":1.644679915,"remaining_time":0.4086033745},
{"learn":[3.34397474],"iteration":801,"passed_time":1.646227737,"remaining_time":0.4064253016},
{"learn":[3.343800902],"iteration":802,"passed_time":1.647707102,"remaining_time":0.404232004},
{"learn":[3.342329465],"iteration":803,"passed_time":1.649250619,"remaining_time":0.4020561211},
{"learn":[3.34220347],"iteration":804,"passed_time":1.651194175,"remaining_time":0.3999787132},
{"learn":[3.341279219],"iteration":805,"passed_time":1.652781992,"remaining_time":0.397816013},
{"learn":[3.337329521],"iteration":806,"passed_time":1.654375647,"remaining_time":0.3956561337},
{"learn":[3.336708453],"iteration":807,"passed_time":1.655859376,"remaining_time":0.393471535},
{"learn":[3.333252703],"iteration":808,"passed_time":1.657285752,"remaining_time":0.3912751281},
{"learn":[3.332186769],"iteration":809,"passed_time":1.658828592,"remaining_time":0.3891079414},
{"learn":[3.330594851],"iteration":810,"passed_time":1.660267696,"remaining_time":0.386918119},
{"learn":[3.327867442],"iteration":811,"passed_time":1.661821427,"remaining_time":0.3847566852},
{"learn":[3.327563111],"iteration":812,"passed_time":1.663334941,"remaining_time":0.3825874957},
{"learn":[3.326308994],"iteration":813,"passed_time":1.665116798,"remaining_time":0.3804812339},
{"learn":[3.326249879],"iteration":814,"passed_time":1.666823025,"remaining_time":0.3783586007},
{"learn":[3.322336238],"iteration":815,"passed_time":1.668504987,"remaining_time":0.3762315166},
{"learn":[3.320491154],"iteration":816,"passed_time":1.670054491,"remaining_time":0.374075853},
{"learn":[3.320434271],"iteration":817,"passed_time":1.671513641,"remaining_time":0.371901568},
{"learn":[3.319609638],"iteration":818,"passed_time":1.673106353,"remaining_time":0.3697585468},
{"learn":[3.316182682],"iteration":819,"passed_time":1.674855688,"remaining_time":0.3676512485},
{"learn":[3.313126612],"iteration":820,"passed_time":1.676283152,"remaining_time":0.3654746459},
{"learn":[3.311222803],"iteration":821,"passed_time":1.677747501,"remaining_time":0.363307853},
{"learn":[3.309627335],"iteration":822,"passed_time":1.679216981,"remaining_time":0.3611438708},
{"learn":[3.307974895],"iteration":823,"passed_time":1.681075559,"remaining_time":0.3590646826},
{"learn":[3.307321505],"iteration":824,"passed_time":1.682606883,"remaining_time":0.3569166116},
{"learn":[3.306759087],"iteration":825,"passed_time":1.684108896,"remaining_time":0.3547638595},
{"learn":[3.30484037],"iteration":826,"passed_time":1.685672227,"remaining_time":0.3526255083},
{"learn":[3.30201994],"iteration":827,"passed_time":1.687183532,"remaining_time":0.3504777385},
{"learn":[3.299302297],"iteration":828,"passed_time":1.688660461,"remaining_time":0.3483244135},
{"learn":[3.298132671],"iteration":829,"passed_time":1.690196087,"remaining_time":0.3461847408},
{"learn":[3.296976183],"iteration":830,"passed_time":1.69169741,"remaining_time":0.3440395454},
{"learn":[3.293144745],"iteration":831,"passed_time":1.69326564,"remaining_time":0.341909408},
{"learn":[3.290284404],"iteration":832,"passed_time":1.695098991,"remaining_time":0.3398337713},
{"learn":[3.288285745],"iteration":833,"passed_time":1.696764723,"remaining_time":0.3377253526},
{"learn":[3.286662667],"iteration":834,"passed_time":1.698356133,"remaining_time":0.3356033076},
{"learn":[3.285692682],"iteration":835,"passed_time":1.699857073,"remaining_time":0.3334647846},
{"learn":[3.284565611],"iteration":836,"passed_time":1.701446427,"remaining_time":0.3313450031},
{"learn":[3.283897383],"iteration":837,"passed_time":1.703132033,"remaining_time":0.3292450946},
{"learn":[3.280712855],"iteration":838,"passed_time":1.704758673,"remaining_time":0.3271348586},
{"learn":[3.280468341],"iteration":839,"passed_time":1.70622798,"remaining_time":0.3249958056},
{"learn":[3.277814895],"iteration":840,"passed_time":1.707780993,"remaining_time":0.3228741711},
{"learn":[3.276316385],"iteration":841,"passed_time":1.709595781,"remaining_time":0.3208030087},
{"learn":[3.27557063],"iteration":842,"passed_time":1.711702304,"remaining_time":0.3187867874},
{"learn":[3.27499628],"iteration":843,"passed_time":1.713213427,"remaining_time":0.3166603018},
{"learn":[3.273569958],"iteration":844,"passed_time":1.714676984,"remaining_time":0.3145265473},
{"learn":[3.269665595],"iteration":845,"passed_time":1.716157523,"remaining_time":0.3123974687},
{"learn":[3.267984685],"iteration":846,"passed_time":1.71772949,"remaining_time":0.3102864368},
{"learn":[3.267702508],"iteration":847,"passed_time":1.719314624,"remaining_time":0.3081790365},
{"learn":[3.266671924],"iteration":848,"passed_time":1.720882012,"remaining_time":0.3060697101},
{"learn":[3.265359825],"iteration":849,"passed_time":1.722472112,"remaining_time":0.3039656669},
{"learn":[3.2618983],"iteration":850,"passed_time":1.724014245,"remaining_time":0.3018544331},
{"learn":[3.260456253],"iteration":851,"passed_time":1.725955637,"remaining_time":0.2998138899},
{"learn":[3.258389147],"iteration":852,"passed_time":1.727414888,"remaining_time":0.2976904907},
{"learn":[3.258108469],"iteration":853,"passed_time":1.728785203,"remaining_time":0.2955534422},
{"learn":[3.256424936],"iteration":854,"passed_time":1.730504136,"remaining_time":0.2934773097},
{"learn":[3.254817983],"iteration":855,"passed_time":1.732126503,"remaining_time":0.2913857668},
{"learn":[3.253898449],"iteration":856,"passed_time":1.733671005,"remaining_time":0.2892823264},
{"learn":[3.253023652],"iteration":857,"passed_time":1.735114384,"remaining_time":0.2871634528},
{"learn":[3.252845542],"iteration":858,"passed_time":1.736669342,"remaining_time":0.285064467},
{"learn":[3.252316026],"iteration":859,"passed_time":1.738186768,"remaining_time":0.2829606366},
{"learn":[3.24975301],"iteration":860,"passed_time":1.739998506,"remaining_time":0.2809056822},
{"learn":[3.249151075],"iteration":861,"passed_time":1.741985458,"remaining_time":0.2788793424},
{"learn":[3.246257135],"iteration":862,"passed_time":1.743788898,"remaining_time":0.2768239618},
{"learn":[3.243826471],"iteration":863,"passed_time":1.745893899,"remaining_time":0.2748166323},
{"learn":[3.243190653],"iteration":864,"passed_time":1.747468267,"remaining_time":0.2727262613},
{"learn":[3.24008797],"iteration":865,"passed_time":1.749065119,"remaining_time":0.2706405612},
{"learn":[3.240036811],"iteration":866,"passed_time":1.750665881,"remaining_time":0.2685565885},
{"learn":[3.238676314],"iteration":867,"passed_time":1.752380514,"remaining_time":0.266491046},
{"learn":[3.237848782],"iteration":868,"passed_time":1.754031013,"remaining_time":0.264416643},
{"learn":[3.236405498],"iteration":869,"passed_time":1.756008134,"remaining_time":0.26239202},
{"learn":[3.233378068],"iteration":870,"passed_time":1.757748208,"remaining_time":0.2603323982},
{"learn":[3.233169169],"iteration":871,"passed_time":1.759338766,"remaining_time":0.2582515619},
{"learn":[3.232434885],"iteration":872,"passed_time":1.760994906,"remaining_time":0.2561813896},
{"learn":[3.229978115],"iteration":873,"passed_time":1.763425085,"remaining_time":0.2542237537},
{"learn":[3.229648848],"iteration":874,"passed_time":1.765368399,"remaining_time":0.2521954856},
{"learn":[3.227208761],"iteration":875,"passed_time":1.767142885,"remaining_time":0.2501435135},
{"learn":[3.226258869],"iteration":876,"passed_time":1.768816277,"remaining_time":0.2480779955},
{"learn":[3.225331995],"iteration":877,"passed_time":1.771043587,"remaining_time":0.2460903389},
{"learn":[3.221968268],"iteration":878,"passed_time":1.773615809,"remaining_time":0.2441496165},
{"learn":[3.221166317],"iteration":879,"passed_time":1.77544112,"remaining_time":0.2421056073},
{"learn":[3.220047503],"iteration":880,"passed_time":1.777003382,"remaining_time":0.2400265636},
{"learn":[3.21982781],"iteration":881,"passed_time":1.778615747,"remaining_time":0.2379553948},
{"learn":[3.216693405],"iteration":882,"passed_time":1.780107819,"remaining_time":0.235869326},
{"learn":[3.214798761],"iteration":883,"passed_time":1.781549575,"remaining_time":0.2337779986},
{"learn":[3.214395085],"iteration":884,"passed_time":1.783113045,"remaining_time":0.231703955},
{"learn":[3.213470696],"iteration":885,"passed_time":1.785009401,"remaining_time":0.2296738959},
{"learn":[3.211595017],"iteration":886,"passed_time":1.788079446,"remaining_time":0.2277936612},
{"learn":[3.210965255],"iteration":887,"passed_time":1.789874798,"remaining_time":0.2257499745},
{"learn":[3.209413583],"iteration":888,"passed_time":1.791449996,"remaining_time":0.2236793583},
{"learn":[3.208331683],"iteration":889,"passed_time":1.793379088,"remaining_time":0.2216535951},
{"learn":[3.207110711],"iteration":890,"passed_time":1.795189603,"remaining_time":0.2196135429},
{"learn":[3.204519413],"iteration":891,"passed_time":1.796809792,"remaining_time":0.2175509614},
{"learn":[3.201421296],"iteration":892,"passed_time":1.798536069,"remaining_time":0.2155020821},
{"learn":[3.200691259],"iteration":893,"passed_time":1.801270738,"remaining_time":0.2135734879},
{"learn":[3.200485067],"iteration":894,"passed_time":1.804021935,"remaining_time":0.2116450315},
{"learn":[3.197467568],"iteration":895,"passed_time":1.805635919,"remaining_time":0.2095827406},
{"learn":[3.195838544],"iteration":896,"passed_time":1.80732521,"remaining_time":0.2075300966},
{"learn":[3.195671746],"iteration":897,"passed_time":1.808900299,"remaining_time":0.2054652901},
{"learn":[3.194213094],"iteration":898,"passed_time":1.810525873,"remaining_time":0.2034072449},
{"learn":[3.192884691],"iteration":899,"passed_time":1.81214361,"remaining_time":0.20134929},
{"learn":[3.188364239],"iteration":900,"passed_time":1.813693208,"remaining_time":0.1992848253},
{"learn":[3.185219478],"iteration":901,"passed_time":1.815699929,"remaining_time":0.1972711675},
{"learn":[3.184120387],"iteration":902,"passed_time":1.818207417,"remaining_time":0.1953113172},
{"learn":[3.183725321],"iteration":903,"passed_time":1.819812043,"remaining_time":0.1932543762},
{"learn":[3.181264554],"iteration":904,"passed_time":1.821582583,"remaining_time":0.1912158513},
{"learn":[3.180741589],"iteration":905,"passed_time":1.823078988,"remaining_time":0.1891494756},
{"learn":[3.179782639],"iteration":906,"passed_time":1.824648597,"remaining_time":0.1870918628},
{"learn":[3.176377564],"iteration":907,"passed_time":1.826308685,"remaining_time":0.1850444923},
{"learn":[3.174078182],"iteration":908,"passed_time":1.828095292,"remaining_time":0.1830106398},
{"learn":[3.171242379],"iteration":909,"passed_time":1.829695803,"remaining_time":0.1809589255},
{"learn":[3.170421012],"iteration":910,"passed_time":1.832600386,"remaining_time":0.179035603},
{"learn":[3.170087224],"iteration":911,"passed_time":1.834150083,"remaining_time":0.1769793939},
{"learn":[3.167303059],"iteration":912,"passed_time":1.835849685,"remaining_time":0.174938579},
{"learn":[3.16705966],"iteration":913,"passed_time":1.837386152,"remaining_time":0.1728831609},
{"learn":[3.165667683],"iteration":914,"passed_time":1.838907424,"remaining_time":0.1708274656},
{"learn":[3.164689733],"iteration":915,"passed_time":1.840406391,"remaining_time":0.1687708917},
{"learn":[3.163311455],"iteration":916,"passed_time":1.841957776,"remaining_time":0.1667202785},
{"learn":[3.159425016],"iteration":917,"passed_time":1.843457749,"remaining_time":0.1646661606},
{"learn":[3.159327058],"iteration":918,"passed_time":1.845288692,"remaining_time":0.1626424201},
{"learn":[3.15819426],"iteration":919,"passed_time":1.847236579,"remaining_time":0.1606292677},
{"learn":[3.157086603],"iteration":920,"passed_time":1.848925703,"remaining_time":0.1585940614},
{"learn":[3.153354154],"iteration":921,"passed_time":1.850704752,"remaining_time":0.1565672133},
{"learn":[3.153261317],"iteration":922,"passed_time":1.852218762,"remaining_time":0.1545187916},
{"learn":[3.153168454],"iteration":923,"passed_time":1.853802981,"remaining_time":0.1524773015},
{"learn":[3.152080399],"iteration":924,"passed_time":1.855416241,"remaining_time":0.1504391546},
{"learn":[3.151635144],"iteration":925,"passed_time":1.856904988,"remaining_time":0.1483919753},
{"learn":[3.147762655],"iteration":926,"passed_time":1.858445444,"remaining_time":0.1463500727},
{"learn":[3.147172317],"iteration":927,"passed_time":1.860356973,"remaining_time":0.144338041},
{"learn":[3.146254125],"iteration":928,"passed_time":1.862320511,"remaining_time":0.1423302005},
{"learn":[3.144869828],"iteration":929,"passed_time":1.863880297,"remaining_time":0.1402920654},
{"learn":[3.143466218],"iteration":930,"passed_time":1.865588843,"remaining_time":0.138265983},
{"learn":[3.141919643],"iteration":931,"passed_time":1.867156519,"remaining_time":0.136230304},
{"learn":[3.141054135],"iteration":932,"passed_time":1.868829089,"remaining_time":0.1342031607},
{"learn":[3.139390417],"iteration":933,"passed_time":1.870399418,"remaining_time":0.132169552},
{"learn":[3.139025283],"iteration":934,"passed_time":1.871802368,"remaining_time":0.1301252983},
{"learn":[3.137824183],"iteration":935,"passed_time":1.873430892,"remaining_time":0.1280978388},
{"learn":[3.135620453],"iteration":936,"passed_time":1.875240387,"remaining_time":0.1260833985},
{"learn":[3.13443178],"iteration":937,"passed_time":1.876731307,"remaining_time":0.124048338},
{"learn":[3.132765713],"iteration":938,"passed_time":1.878329013,"remaining_time":0.1220213736},
{"learn":[3.131434124],"iteration":939,"passed_time":1.879846751,"remaining_time":0.1199902181},
{"learn":[3.128384262],"iteration":940,"passed_time":1.881276736,"remaining_time":0.1179546519},
{"learn":[3.128120455],"iteration":941,"passed_time":1.882748879,"remaining_time":0.115922967},
{"learn":[3.126314615],"iteration":942,"passed_time":1.884253433,"remaining_time":0.1138944281},
{"learn":[3.125409666],"iteration":943,"passed_time":1.885659268,"remaining_time":0.111861143},
{"learn":[3.123072589],"iteration":944,"passed_time":1.88720016,"remaining_time":0.1098370464},
{"learn":[3.122921099],"iteration":945,"passed_time":1.888714872,"remaining_time":0.1078124768},
{"learn":[3.122182662],"iteration":946,"passed_time":1.890535501,"remaining_time":0.1058061051},
{"learn":[3.120040951],"iteration":947,"passed_time":1.892094185,"remaining_time":0.103785757},
{"learn":[3.118767799],"iteration":948,"passed_time":1.893607854,"remaining_time":0.1017639626},
{"learn":[3.118203218],"iteration":949,"passed_time":1.895107979,"remaining_time":0.0997425252},
{"learn":[3.116343362],"iteration":950,"passed_time":1.896609076,"remaining_time":0.09772223418},
{"learn":[3.11480829],"iteration":951,"passed_time":1.898121578,"remaining_time":0.09570360897},
{"learn":[3.112607903],"iteration":952,"passed_time":1.899641614,"remaining_time":0.09368641749},
{"learn":[3.111661241],"iteration":953,"passed_time":1.901080122,"remaining_time":0.09166633711},
{"learn":[3.110249676],"iteration":954,"passed_time":1.902591767,"remaining_time":0.08965092095},
{"learn":[3.107333579],"iteration":955,"passed_time":1.904095495,"remaining_time":0.08763619434},
{"learn":[3.107149851],"iteration":956,"passed_time":1.905683421,"remaining_time":0.08562631879},
{"learn":[3.106867336],"iteration":957,"passed_time":1.907176989,"remaining_time":0.08361318742},
{"learn":[3.10364681],"iteration":958,"passed_time":1.90876985,"remaining_time":0.08160538462},
{"learn":[3.102703811],"iteration":959,"passed_time":1.91039085,"remaining_time":0.07959961875},
{"learn":[3.101469264],"iteration":960,"passed_time":1.911864625,"remaining_time":0.07758867885},
{"learn":[3.09863569],"iteration":961,"passed_time":1.913405223,"remaining_time":0.07558149529},
{"learn":[3.09645939],"iteration":962,"passed_time":1.914932446,"remaining_time":0.07357476688},
{"learn":[3.096240186],"iteration":963,"passed_time":1.916517491,"remaining_time":0.07157119261},
{"learn":[3.094838828],"iteration":964,"passed_time":1.918190204,"remaining_time":0.06957166544},
{"learn":[3.094176802],"iteration":965,"passed_time":1.920247302,"remaining_time":0.06758634397},
{"learn":[3.093182279],"iteration":966,"passed_time":1.921878266,"remaining_time":0.06558633173},
{"learn":[3.090150687],"iteration":967,"passed_time":1.923709599,"remaining_time":0.06359370576},
{"learn":[3.088612829],"iteration":968,"passed_time":1.925270294,"remaining_time":0.06159275449},
{"learn":[3.087153684],"iteration":969,"passed_time":1.926866567,"remaining_time":0.05959381135},
{"learn":[3.085866843],"iteration":970,"passed_time":1.928443966,"remaining_time":0.05759513389},
{"learn":[3.082669094],"iteration":971,"passed_time":1.929924895,"remaining_time":0.0555945443},
{"learn":[3.081047548],"iteration":972,"passed_time":1.931370221,"remaining_time":0.0535940349},
{"learn":[3.079684322],"iteration":973,"passed_time":1.932939564,"remaining_time":0.05159797603},
{"learn":[3.07613431],"iteration":974,"passed_time":1.93487368,"remaining_time":0.04961214563},
{"learn":[3.074005935],"iteration":975,"passed_time":1.937093289,"remaining_time":0.04763344153},
{"learn":[3.072988853],"iteration":976,"passed_time":1.939097799,"remaining_time":0.04564918052},
{"learn":[3.072344268],"iteration":977,"passed_time":1.941301076,"remaining_time":0.04366934937},
{"learn":[3.070654438],"iteration":978,"passed_time":1.942841703,"remaining_time":0.04167484756},
{"learn":[3.069724506],"iteration":979,"passed_time":1.944353633,"remaining_time":0.03968068639},
{"learn":[3.067763166],"iteration":980,"passed_time":1.945790414,"remaining_time":0.03768605287},
{"learn":[3.066737893],"iteration":981,"passed_time":1.947320061,"remaining_time":0.03569425774},
{"learn":[3.065248174],"iteration":982,"passed_time":1.948956732,"remaining_time":0.03370525377},
{"learn":[3.063186837],"iteration":983,"passed_time":1.950969664,"remaining_time":0.03172308397},
{"learn":[3.062880371],"iteration":984,"passed_time":1.95254824,"remaining_time":0.02973423716},
{"learn":[3.061288645],"iteration":985,"passed_time":1.954217917,"remaining_time":0.02774751607},
{"learn":[3.059970575],"iteration":986,"passed_time":1.955808662,"remaining_time":0.02576039777},
{"learn":[3.059576341],"iteration":987,"passed_time":1.957242988,"remaining_time":0.02377218204},
{"learn":[3.058175919],"iteration":988,"passed_time":1.958682981,"remaining_time":0.02178514944},
{"learn":[3.056830702],"iteration":989,"passed_time":1.960411798,"remaining_time":0.01980213937},
{"learn":[3.056336579],"iteration":990,"passed_time":1.961921228,"remaining_time":0.0178176499},
{"learn":[3.055810414],"iteration":991,"passed_time":1.963387808,"remaining_time":0.01583377264},
{"learn":[3.055476518],"iteration":992,"passed_time":1.964942457,"remaining_time":0.0138515581},
{"learn":[3.053331734],"iteration":993,"passed_time":1.966860252,"remaining_time":0.01187239589},
{"learn":[3.050890374],"iteration":994,"passed_time":1.968462208,"remaining_time":0.009891769891},
{"learn":[3.04972623],"iteration":995,"passed_time":1.969970662,"remaining_time":0.007911528761},
{"learn":[3.047217327],"iteration":996,"passed_time":1.9713997,"remaining_time":0.005931995086},
{"learn":[3.047155483],"iteration":997,"passed_time":1.972792849,"remaining_time":0.003953492683},
{"learn":[3.04430671],"iteration":998,"passed_time":1.974310048,"remaining_time":0.001976286334},
{"learn":[3.042664195],"iteration":999,"passed_time":1.975725646,"remaining_time":0}
]}