{
"meta":{"test_sets":[],"test_metrics":[],"learn_metrics":[{"best_value":"Min","name":"RMSE"}],"launch_mode":"Train","parameters":"","iteration_count":100,"learn_sets":["learn"],"name":"experiment"},
"iterations":[
{"learn":[14.005006],"iteration":0,"passed_time":0.003954234581,"remaining_time":0.3914692235},
{"learn":[13.14441192],"iteration":1,"passed_time":0.007391289502,"remaining_time":0.3621731856},
{"learn":[12.34258257],"iteration":2,"passed_time":0.01095508595,"remaining_time":0.3542144458},
{"learn":[11.64527793],"iteration":3,"passed_time":0.01368518898,"remaining_time":0.3284445355},
{"learn":[11.02766183],"iteration":4,"passed_time":0.01720111917,"remaining_time":0.3268212643},
{"learn":[10.43485794],"iteration":5,"passed_time":0.02050294017,"remaining_time":0.3212127294},
{"learn":[9.890641275],"iteration":6,"passed_time":0.02371173915,"remaining_time":0.3150273916},
{"learn":[9.492161212],"iteration":7,"passed_time":0.02702116905,"remaining_time":0.310743444},
{"learn":[9.105082953],"iteration":8,"passed_time":0.03034358548,"remaining_time":0.3068073643},
{"learn":[8.674157135],"iteration":9,"passed_time":0.0338152009,"remaining_time":0.3043368081},
{"learn":[8.341743544],"iteration":10,"passed_time":0.03681581344,"remaining_time":0.2978733996},
{"learn":[8.049372916],"iteration":11,"passed_time":0.03932816828,"remaining_time":0.2884065674},
{"learn":[7.757318612],"iteration":12,"passed_time":0.04163624656,"remaining_time":0.2786425731},
{"learn":[7.522206899],"iteration":13,"passed_time":0.04361840185,"remaining_time":0.2679416114},
{"learn":[7.297756655],"iteration":14,"passed_time":0.04550820775,"remaining_time":0.2578798439},
{"learn":[7.088359431],"iteration":15,"passed_time":0.0472614078,"remaining_time":0.248122391},
{"learn":[6.882113791],"iteration":16,"passed_time":0.04889884167,"remaining_time":0.2387414035},
{"learn":[6.704728832],"iteration":17,"passed_time":0.05031358561,"remaining_time":0.2292063345},
{"learn":[6.563881962],"iteration":18,"passed_time":0.05175009187,"remaining_time":0.2206188127},
{"learn":[6.418790279],"iteration":19,"passed_time":0.0534545105,"remaining_time":0.213818042},
{"learn":[6.315756953],"iteration":20,"passed_time":0.05496619802,"remaining_time":0.2067776021},
{"learn":[6.210157751],"iteration":21,"passed_time":0.05606860229,"remaining_time":0.1987886809},
{"learn":[6.115058449],"iteration":22,"passed_time":0.05724676794,"remaining_time":0.1916522231},
{"learn":[6.014819884],"iteration":23,"passed_time":0.05851252294,"remaining_time":0.185289656},
{"learn":[5.93117229],"iteration":24,"passed_time":0.05979098861,"remaining_time":0.1793729658},
{"learn":[5.844857622],"iteration":25,"passed_time":0.06100574344,"remaining_time":0.1736317313},
{"learn":[5.771145213],"iteration":26,"passed_time":0.06196575416,"remaining_time":0.167537039},
{"learn":[5.704018229],"iteration":27,"passed_time":0.06292662002,"remaining_time":0.1618113086},
{"learn":[5.665806474],"iteration":28,"passed_time":0.06399547149,"remaining_time":0.1566785681},
{"learn":[5.616500369],"iteration":29,"passed_time":0.06505780843,"remaining_time":0.151801553},
{"learn":[5.558023666],"iteration":30,"passed_time":0.06619473152,"remaining_time":0.1473366605},
{"learn":[5.510080976],"iteration":31,"passed_time":0.06724702246,"remaining_time":0.1428999227},
{"learn":[5.468747792],"iteration":32,"passed_time":0.06825476024,"remaining_time":0.1385778465},
{"learn":[5.429275534],"iteration":33,"passed_time":0.06920542841,"remaining_time":0.1343399493},
{"learn":[5.402117324],"iteration":34,"passed_time":0.0701478559,"remaining_time":0.1302745895},
{"learn":[5.367635151],"iteration":35,"passed_time":0.07114284218,"remaining_time":0.1264761639},
{"learn":[5.345181232],"iteration":36,"passed_time":0.07203735757,"remaining_time":0.1226582034},
{"learn":[5.319151269],"iteration":37,"passed_time":0.0730277105,"remaining_time":0.119150475},
{"learn":[5.296134146],"iteration":38,"passed_time":0.0738847307,"remaining_time":0.1155632967},
{"learn":[5.269629003],"iteration":39,"passed_time":0.07474625005,"remaining_time":0.1121193751},
{"learn":[5.251147059],"iteration":40,"passed_time":0.07552889663,"remaining_time":0.1086879244},
{"learn":[5.248003302],"iteration":41,"passed_time":0.07585227415,"remaining_time":0.1047483786},
{"learn":[5.232376509],"iteration":42,"passed_time":0.07663942739,"remaining_time":0.1015917991},
{"learn":[5.213524255],"iteration":43,"passed_time":0.07739382131,"remaining_time":0.09850122712},
{"learn":[5.189691584],"iteration":44,"passed_time":0.07824245747,"remaining_time":0.09562967024},
{"learn":[5.166052198],"iteration":45,"passed_time":0.0790842257,"remaining_time":0.09283800408},
{"learn":[5.140406659],"iteration":46,"passed_time":0.07991809333,"remaining_time":0.09012040311},
{"learn":[5.118929684],"iteration":47,"passed_time":0.0806404047,"remaining_time":0.08736043842},
{"learn":[5.108792602],"iteration":48,"passed_time":0.0815510047,"remaining_time":0.08487961714},
{"learn":[5.098141225],"iteration":49,"passed_time":0.08234847733,"remaining_time":0.08234847733},
{"learn":[5.085926393],"iteration":50,"passed_time":0.08305837476,"remaining_time":0.07980118359},
{"learn":[5.067816804],"iteration":51,"passed_time":0.083867367,"remaining_time":0.07741603108},
{"learn":[5.049834901],"iteration":52,"passed_time":0.08463051334,"remaining_time":0.07504970051},
{"learn":[5.03838627],"iteration":53,"passed_time":0.08538253765,"remaining_time":0.07273327282},
{"learn":[5.033534248],"iteration":54,"passed_time":0.0859264022,"remaining_time":0.07030341998},
{"learn":[5.023726885],"iteration":55,"passed_time":0.08675345357,"remaining_time":0.06816342781},
{"learn":[5.01290392],"iteration":56,"passed_time":0.08760785329,"remaining_time":0.06609013494},
{"learn":[5.005569127],"iteration":57,"passed_time":0.08842820761,"remaining_time":0.0640342193},
{"learn":[4.989969032],"iteration":58,"passed_time":0.08927105104,"remaining_time":0.06203581513},
{"learn":[4.976762446],"iteration":59,"passed_time":0.09011016629,"remaining_time":0.06007344419},
{"learn":[4.967222715],"iteration":60,"passed_time":0.09095667123,"remaining_time":0.05815262587},
{"learn":[4.954407599],"iteration":61,"passed_time":0.09180522487,"remaining_time":0.05626771847},
{"learn":[4.942125056],"iteration":62,"passed_time":0.09261126407,"remaining_time":0.05439074239},
{"learn":[4.930230716],"iteration":63,"passed_time":0.09351522952,"remaining_time":0.05260231661},
{"learn":[4.921695642],"iteration":64,"passed_time":0.09441016166,"remaining_time":0.05083624089},
{"learn":[4.906405625],"iteration":65,"passed_time":0.0953705016,"remaining_time":0.0491302584},
{"learn":[4.894330248],"iteration":66,"passed_time":0.09620204379,"remaining_time":0.0473830962},
{"learn":[4.88211557],"iteration":67,"passed_time":0.09709484804,"remaining_time":0.04569169319},
{"learn":[4.877946398],"iteration":68,"passed_time":0.09799349502,"remaining_time":0.04402606298},
{"learn":[4.863182126],"iteration":69,"passed_time":0.09891151054,"remaining_time":0.04239064738},
{"learn":[4.84646533],"iteration":70,"passed_time":0.09981791561,"remaining_time":0.04077069793},
{"learn":[4.838014752],"iteration":71,"passed_time":0.1007457338,"remaining_time":0.03917889646},
{"learn":[4.82981137],"iteration":72,"passed_time":0.1016827911,"remaining_time":0.03760870356},
{"learn":[4.817094767],"iteration":73,"passed_time":0.1026597191,"remaining_time":0.03606963103},
{"learn":[4.808314151],"iteration":74,"passed_time":0.1035879331,"remaining_time":0.03452931105},
{"learn":[4.796235023],"iteration":75,"passed_time":0.1045265374,"remaining_time":0.03300838024},
{"learn":[4.784434534],"iteration":76,"passed_time":0.1054606851,"remaining_time":0.0315012436},
{"learn":[4.774402487],"iteration":77,"passed_time":0.1063947719,"remaining_time":0.03000878181},
{"learn":[4.76731896],"iteration":78,"passed_time":0.1074318809,"remaining_time":0.02855784175},
{"learn":[4.75934113],"iteration":79,"passed_time":0.1084107309,"remaining_time":0.02710268272},
{"learn":[4.754106378],"iteration":80,"passed_time":0.1096836722,"remaining_time":0.02572826878},
{"learn":[4.744002932],"iteration":81,"passed_time":0.1111530653,"remaining_time":0.02439945336},
{"learn":[4.731700554],"iteration":82,"passed_time":0.1126133442,"remaining_time":0.02306538376},
{"learn":[4.723284153],"iteration":83,"passed_time":0.1139983644,"remaining_time":0.02171397417},
{"learn":[4.712232782],"iteration":84,"passed_time":0.1151124817,"remaining_time":0.02031396735},
{"learn":[4.703046867],"iteration":85,"passed_time":0.1162606743,"remaining_time":0.01892615628},
{"learn":[4.698601855],"iteration":86,"passed_time":0.1174032009,"remaining_time":0.01754300704},
{"learn":[4.692429407],"iteration":87,"passed_time":0.1184238494,"remaining_time":0.01614870674},
{"learn":[4.675027364],"iteration":88,"passed_time":0.1194652183,"remaining_time":0.01476536406},
{"learn":[4.662368584],"iteration":89,"passed_time":0.1205938416,"remaining_time":0.01339931573},
{"learn":[4.646206172],"iteration":90,"passed_time":0.1216786618,"remaining_time":0.01203415337},
{"learn":[4.641245848],"iteration":91,"passed_time":0.122757766,"remaining_time":0.01067458835},
{"learn":[4.633900435],"iteration":92,"passed_time":0.1240666151,"remaining_time":0.009338347375},
{"learn":[4.624738236],"iteration":93,"passed_time":0.1253318813,"remaining_time":0.007999907316},
{"learn":[4.612798287],"iteration":94,"passed_time":0.1265773047,"remaining_time":0.006661963403},
{"learn":[4.605222001],"iteration":95,"passed_time":0.127752123,"remaining_time":0.005323005126},
{"learn":[4.601725912],"iteration":96,"passed_time":0.1288721997,"remaining_time":0.003985738135},
{"learn":[4.59722371],"iteration":97,"passed_time":0.1299600713,"remaining_time":0.002652246353},
{"learn":[4.580235665],"iteration":98,"passed_time":0.1311353106,"remaining_time":0.001324599097},
{"learn":[4.57591791],"iteration":99,"passed_time":0.1324124393,"remaining_time":0}
]}